# Rhodes, Benavides & Pinero, IEPC 2024 presentation (NASA NTRS 20240006846), slide 11, LCC discharge supply.
# source sha256 9f5a6c7bb36ac2ffc45026e004150304a592dadb1419284917341623588e21d9; vector-extracted by tools/extract_rhodes2024_discharge_efficiency.py (PyMuPDF).
# evidence class: measured (source, breadboard bench test) -> digitized (vector marker centres).
# efficiency = supply output power / supply input power as plotted by the source (definition not stated on the slide).
# calibration 250 V chart: y 8 reference lines, max residual 0.0019 %-pt; x 5 reference lines, max residual 0.0000 W
# calibration 400 V chart: y 9 reference lines, max residual 0.0072 %-pt; x 5 reference lines, max residual 0.1968 W
chart_output_voltage_V,input_bus_voltage_V,P_out_W,efficiency_pct,marker_x_pt,marker_y_pt
250,25,249.37,86.09,161.85,423.62
250,25,299.88,87.32,173.85,399.86
250,25,399.88,88.47,197.61,377.78
250,25,499.88,89.45,221.37,358.82
250,25,599.88,90.19,245.13,344.66
250,25,699.88,90.51,268.89,338.42
250,25,799.88,90.63,292.65,336.14
250,25,899.88,90.63,316.41,336.14
250,25,999.88,90.57,340.17,337.34
250,28,249.63,86.14,161.91,422.60
250,28,300.13,87.02,173.91,405.68
250,28,400.13,88.31,197.67,380.84
250,28,500.13,88.93,221.43,368.96
250,28,600.13,89.75,245.19,353.12
250,28,700.13,90.09,268.95,346.64
250,28,800.13,90.14,292.71,345.68
250,28,900.13,90.00,316.47,348.32
250,28,1000.13,89.93,340.23,349.64
250,34,249.37,86.00,161.85,425.30
250,34,299.88,87.04,173.85,405.26
250,34,399.88,88.23,197.61,382.34
250,34,499.88,88.60,221.37,375.38
250,34,599.88,89.10,245.13,365.66
250,34,699.88,89.62,268.89,355.70
250,34,799.88,89.63,292.65,355.46
250,34,899.88,89.55,316.41,356.90
250,34,999.88,89.38,340.17,360.26
400,25,199.86,77.05,456.35,453.98
400,25,299.69,81.97,480.71,414.14
400,25,399.52,84.57,505.07,393.02
400,25,499.84,86.57,529.55,376.82
400,25,599.66,87.77,553.91,367.10
400,25,699.49,88.36,578.27,362.30
400,25,799.81,89.87,602.75,350.06
400,25,899.64,90.87,627.11,341.90
400,25,961.60,91.50,642.23,336.86
400,28,200.11,77.16,456.41,453.08
400,28,299.93,81.68,480.77,416.48
400,28,399.76,84.46,505.13,393.92
400,28,500.08,86.09,529.61,380.72
400,28,599.91,87.40,553.97,370.04
400,28,699.74,88.05,578.33,364.76
400,28,800.06,88.50,602.81,361.16
400,28,899.89,89.96,627.17,349.28
400,28,1000.21,90.72,651.65,343.16
400,34,199.86,77.16,456.35,453.14
400,34,299.69,81.42,480.71,418.58
400,34,399.52,84.11,505.07,396.74
400,34,499.84,85.83,529.55,382.82
400,34,599.66,87.06,553.91,372.86
400,34,699.49,87.72,578.27,367.46
400,34,799.81,88.14,602.75,364.10
400,34,899.64,88.40,627.11,361.94
400,34,999.96,89.35,651.59,354.26
