tier,no,id,lane,duplicate_group,question,proposed,needed_by_as_recorded,why_this_tier
T1_P1_ICP_BENCH,239,OQ-VI-03,A9-05 (validation inputs),,"Is an orificed RF plasma cathode (Watanabe / Xu type, dedicated feed) admissible as an A9 ICP-neutralizer variant, or only the open-tube coaxial downstream topology of the anchor?","open-tube coaxial downstream topology only for the first build (A9 governing decision 1); orificed RF cathodes remain literature bounds, not built; owner call",LOCK-1,fixes the topology of the article the bench builds
T1_P1_ICP_BENCH,241,OQ-VI-05,A9-05 (validation inputs),,Is 'no Hall discharge without ICP electrons' (anchor TK-51) a required Ar engineering-only topology-reproduction check?,"yes, qualitative and engineering-only, preregistered in A9-01; no numeric match to anchor values (different hardware)",LOCK-1,decides whether the Ar engineering-only topology check is part of the bench
T1_P1_ICP_BENCH,253,OQ-A907-02,A9-07,,"Register the stand discharge-supply envelope I_d,max for ICP-45 (A9.1: from the registered H-1/discharge-supply envelope, not invented)?",register the H24-27 laboratory rating 8.33 A (1500 W / 180 V) unless the owner registers a narrower stand envelope before LOCK-1; the flight supply bound is 7.5 A (1350 W / 180 V),LOCK-1 (PROPOSED by A9-10 per row 144; the lane stated no gate),"ICP-45 needs a registered I_d,max"
T1_P1_ICP_BENCH,219,ICPQ-06,A9-03,,"Apply the row-105 gas-isolator qualification practice (~1 kV DC representative pressure/gas withstand) to any ICP gas line crossing a potential difference, and the same isolation margin as H-1 to the ICP body/collector?",YES (margin value remains the H-1 owner item),LOCK-1 (PROPOSED by A9-10 per row 144; the lane stated no gate),isolation practice for any ICP gas line crossing a potential difference on the bench
T1_P1_ICP_BENCH,275,OQ-RFQ-06,A9-09,,Is a mains-fed laboratory 13.56 MHz generator acceptable for the ground campaign given that A902-19 books the RF source's DC input at the bus boundary?,proposed: YES as GROUND/FACILITY-ONLY with input metered; the flight-representative DC-input RF source is a later separate RFQ once A902-21 is scoped,LOCK-1 (PROPOSED by A9-10 per row 144; the lane stated no gate),the bench needs a 13.56 MHz generator; a mains-fed laboratory unit is the proposed ground source
T1_P1_ICP_BENCH,276,OQ-RFQ-07,A9-09,,Who dispatches the RFQs and may packages be split per supplier type?,owner call (the lane never contacts suppliers),LOCK-1 (PROPOSED by A9-10 per row 144; the lane stated no gate),no bench hardware can be quoted until the owner decides who dispatches the RFQs
T1_P1_ICP_BENCH,271,OQ-RFQ-02,A9-09,,Apply row 123 (4 overlapping ranges) literally to the engineering-only Ar path?,proposed: YES (row 123 says 'per pure-gas path'); owner may reduce because Ar is engineering-only,LOCK-1 (PROPOSED by A9-10 per row 144; the lane stated no gate),Ar-path flow-controller ranges for the engineering-only bench gas
T1_P1_ICP_BENCH,279,OQ-RFQ-10,A9-09,,Include the optional ICP capped-port controller (G-ATM/G-XE contingency) in RFQ-02 now?,proposed: YES as an optional line; no purchase unless a contingency variant is declared,LOCK-1 (PROPOSED by A9-10 per row 144; the lane stated no gate),optional ICP capped-port controller in the bench gas RFQ
T2_AFTER_P2_IMPEDANCE_MAP,223,ICPQ-10,A9-03,,"Total ICP module heat-load bound (ICP-43): use 1.20 x (P_fwd,max + P_d,max) with P_d,max from the A9-02 discharge slot, or, if every score-bearing stand point is held inside the P_bus < 1.5 kW ceiling (row 108), the envelope 1.20 x 1.5 kW used for the stand by H2-6 H26-44?","owner call; proposal: 1.20 x (P_fwd,max + P_d,max), because laboratory RF forward power (0-500 W; A9.2: a delivered/operating investigation capability, not a component rating) is a capability that is not itself held inside the P_bus ceiling","LOCK-1 (PROPOSED; after the ICP antenna impedance map, A9.2 P2, which sets P_fwd,max)","total ICP heat-load bound uses P_fwd,max from the characterized mismatch envelope"
T2_AFTER_P2_IMPEDANCE_MAP,224,ICPQ-11,A9-03,,"Factor k_RF between the rated antenna-circuit RF voltage and the V_ant,peak computed at the maximum operating point of the characterized mismatch envelope (ICP antenna impedance map, A9.2 P2; not at a 500 W component rating) (ICP-44)?",owner call (LOCK-1); no value proposed here,"LOCK-1 (PROPOSED; after the ICP antenna impedance map, A9.2 P2)","k_RF applies to V_ant,peak at the characterized mismatch envelope"
T3_P3_P4_THERMAL_ANODE_RULES,289,OQ-A910-06,A9-10,,"Should ICP-36 keep 500 W x 1.2 = 600 W (row 72 delivered/operating capability x row 86 heat-load margin) as the RF-path heat-allocation basis of the ICP module thermal design (an allocation term, not a bound and not a component rating; P_line/match,loss added on top per A9.2 rf_measurement_reference), given that A9.2 rf_500W makes 500 W a delivered/operating investigation capability and not a rating?","PROPOSED yes, until the ICP antenna impedance map (A9.2 post-A9 priority P2) gives the P_delivered and P_line/match,loss envelope; then re-derive ICP-36 from it; owner call (value 600 W unchanged by A9-10)",LOCK-1 (ICD ICP-36 / ICP-43 freeze point),interim 600 W RF-path heat allocation until P2 re-derives ICP-36
T3_P3_P4_THERMAL_ANODE_RULES,254,OQ-A907-03,A9-07,,"Is the >= 50 K rule tested at the bounding corner (all adverse analog inputs together, as done here) or at a nominal point plus a pre-registered uncertainty treatment?","bounding corner for design closure now; replace the analog heat-fraction ranges by measured Phase-1 deposition data when available (after-evidence), never by relaxing the limit",LOCK-1 (PROPOSED by A9-10 per row 144; the lane stated no gate),where the >= 50 K rule is tested (bounding corner vs nominal + prereg uncertainty)
T3_P3_P4_THERMAL_ANODE_RULES,256,OQ-A907-05,A9-07,,"Accept the supplier continuous ratings (BN 900 degC oxidizing guide value, ceramic wire 1000 F) as PROVISIONAL limits for the >= 50 K rule until qualification tests validate them?","yes, provisional; every within-limit result stays conditional on validation (for hall_icp_neutralizer an UNCOUPLED_SENSITIVITY_WITHIN_LIMIT result; the reported status stays UNRESOLVED, A9.2 ICP_COUPLED_THERMAL)",LOCK-1 (PROPOSED by A9-10 per row 144; the lane stated no gate),provisional supplier continuous ratings as limits for the >= 50 K rule
T3_P3_P4_THERMAL_ANODE_RULES,259,OQ-A907-09,A9-07,,"Row 86 '20% heat-load design margin': this lane scales only the DISSIPATED loads (discharge fractions, coil I^2R, cathode) by 1.2 and keeps the environmental solar/albedo/OLR inputs at their v1 hot/cold bounds. Should the 20 % also apply to environmental loads?","owner call; this lane's reading (dissipated only) is an interpretation, recorded as such",LOCK-1 (PROPOSED by A9-10 per row 144; the lane stated no gate),scope of the row-86 20 % heat-load margin (dissipated only vs all loads)
T3_P3_P4_THERMAL_ANODE_RULES,260,OQ-A907-10,A9-07,,"The thermal worst case is found by a local search plus a heuristic search allowance (not an upper bound). Within-limit results (for hall_icp_neutralizer: UNCOUPLED_SENSITIVITY_WITHIN_LIMIT, reported UNRESOLVED under A9.2 ICP_COUPLED_THERMAL) whose margin to the design ceiling after the allowance is below 10 K are flagged search_sensitive. Accept this PROPOSED reporting threshold, and require a global-optimisation or interval-bound check of every search-sensitive verdict before LOCK-1?","owner call; the flag never changes a verdict, only marks it for an independent check",LOCK-1 (PROPOSED by A9-10 per row 144; the lane stated no gate),treatment of the heuristic worst-case search in thermal verdicts
T3_P3_P4_THERMAL_ANODE_RULES,255,OQ-A907-04,A9-07,,Ceramic-insulated coil conductor: plain copper or Ni-clad (Kulgrid)? The Ni-clad conductor raises I^2R by up to x1.33 at equal section and needs a measured magnetic perturbation (row 77),owner call; carry the Ni-clad factor as the conservative bound until the wire is quoted,LOCK-1 (PROPOSED by A9-10 per row 144; the lane stated no gate),coil conductor (plain Cu vs Ni-clad) sets coil I^2R in the thermal model
T3_P3_P4_THERMAL_ANODE_RULES,257,OQ-A907-06,A9-07,,"Heat conducted into the spacecraft mount stays within the row-85 100 W case at the searched corners only for LV-ALL-ISO, LV-COIL+ISO, LV-OPEN+ISO, LV-RAD+ISO; with LV-ALL-ISO the inner coil still has margin -12.3 K to its design ceiling; lever sets closing every live node within 100 W: none. Pursue a thermally isolated mount with a dedicated thruster radiator as the design direction, and which row-85 allowable-heat case (25/50/100 W) governs the H-1 design?",owner call (spacecraft/PDR interface); this lane only reports the conflict,LOCK-1 (PROPOSED by A9-10 per row 144; the lane stated no gate),spacecraft-mount conducted-heat interface at the searched corners
T3_P3_P4_THERMAL_ANODE_RULES,258,OQ-A907-08,A9-07,,"Exterior coating temperature limit (row 84): the Z-93-class coating's temperature capability on the Hall body is not established (H2-5 v1 TBD). The coated PO/BP surfaces must withstand up to PO 442, BP 588 degC at baseline (searched T_max + allowance + 50 K). Carry the coating limit as a node limit with the same >= 50 K rule once sourced?",yes; until a datasheet/coupon value exists the coating stays OPEN and every uncoupled-sensitivity within-limit result that relies on the Z-93 finish is conditional on it and the reported status stays UNRESOLVED (A9.2 ICP_COUPLED_THERMAL) (row 84 qualification),LOCK-1 (PROPOSED by A9-10 per row 144; the lane stated no gate),exterior coating temperature limit on the Hall body
T4_MASS_XE_CLOSURE,263,XA9Q-01,A9-08,DUP-XE-CASE,Are the row-48 design cases (2 / 5 / 10 kg) LOADED Xe (usable + residual) or usable Xe?,LOADED Xe (tank sizing needs the loaded mass); the reserve and residual are carved out of each case,NOW,row-48 Xe cases: loaded vs usable (duplicate group DUP-XE-CASE)
T4_MASS_XE_CLOSURE,284,OQ-A910-01,A9-10,DUP-XE-CASE,Which content do the row-48 Xe design cases have for BOTH the A9 Xe ledger and the A9 mass BOM: LOADED Xe incl. reserve and residual (A9-08 XA9Q-01) or usable Xe incl. reserve with the residual on top (A9-06 MQ-09)? The two lanes propose different readings.,"owner call; A9-10 carries both readings (A9-06 wet_closure cells vs cells_case_is_loaded; the difference is the residual, <= 0.2 kg at 10 kg); one reading should govern both lanes","LOCK-1 (tank RFQ ranges RFQ-07-R04, wet closure)",one reading to govern both the Xe ledger and the mass BOM (DUP-XE-CASE)
T4_MASS_XE_CLOSURE,250,MQ-09,A9-06,DUP-XE-CASE,"Do the 2 / 5 / 10 kg Xe design cases (row 48) include the row-43 20 % reserve, with the row-45 residual on top?",YES: case = loaded usable Xe incl. reserve; residual imported on top from A9-08,LOCK-1 (PROPOSED by A9-10 per row 144; the lane stated no gate),"row-48 cases incl. reserve, residual on top (DUP-XE-CASE)"
T4_MASS_XE_CLOSURE,264,XA9Q-02,A9-08,DUP-DWELL,"Row 93 'at most two retries': is the per-start bound 3 dwells (1 + 2 retries, 360 s) or 2 dwells (240 s)?","3 dwells, 360 s per start (conservative); freeze at LOCK-2 with the final bound",LOCK-2,per-start ignition dwells 3 vs 2 (duplicate group DUP-DWELL)
T4_MASS_XE_CLOSURE,252,OQ-A907-01,A9-07,DUP-DWELL,"Row 93 'cap each ignition dwell at 120 s and allow at most two retries': book 3 attempts (1 + 2 retries, literal) or 2 (the '120 s x 2' shorthand used in the A9 backlog) per start in the Xe ledger?","3 attempts (literal reading, conservative for Xe booking)",LOCK-1 (PROPOSED by A9-10 per row 144; the lane stated no gate),ignition attempts 3 vs 2 (DUP-DWELL)
T4_MASS_XE_CLOSURE,265,XA9Q-03,A9-08,,Is the row-96 flow-class term booked additively (conservative) and inside the reserve base?,"yes, additive and inside the non-reserve sum until S1a demonstrates a better class",NOW,row-96 flow-class term booking
T4_MASS_XE_CLOSURE,266,XA9Q-04,A9-08,,Ground-test Xe supply margin over the booked ground-test Xe?,owner call,LOCK-2,ground-test Xe supply margin
T4_MASS_XE_CLOSURE,268,XA9Q-06,A9-08,,"Retire H2-7 H27-34 (PROPOSED >= 75 bar MEOP, a 293.15 K check) in favour of a MEOP chosen from quotations against the 323 K volume table?",yes; route through A9-07 / A9-09,LOCK-1,retire the 75 bar MEOP proposal in favour of a quotation-based MEOP
T4_MASS_XE_CLOSURE,269,XA9Q-07,A9-08,,Does the row-6 functional Xe mode apply to the hall_icp_neutralizer flight configuration (so it also carries a Xe tank and Xe flow control)?,yes: row 6 reads the RFP 'air + Xe' independently of the electron source,NOW,row-6 Xe mode applies to the hall_icp_neutralizer flight configuration
T4_MASS_XE_CLOSURE,278,OQ-RFQ-09,A9-09,,State a MEOP basis in the tank RFQ or let suppliers propose?,proposed: suppliers propose MEOP/safety factors per case; final basis after the quotations (A9-08 design-case volumes at 323 K now in RFQ-07-R04; MEOP XA9-28 TBD),LOCK-1 (PROPOSED by A9-10 per row 144; the lane stated no gate),MEOP basis in the tank RFQ
T4_MASS_XE_CLOSURE,242,MQ-01,A9-06,,Are the row-54 allocations MEV-level line budgets (row-57 equipment margin inside) or CBE-level budgets (row-57 margin on top)? RFQ ceilings and closure depend on it.,"owner call; consequence: CBE-level (R2) gives a dry mass of 34.863158 kg before any evidence conflict, MEV-level (R1) 29.052632 kg; the owner v0 literal (R0) 28 kg",LOCK-1 (PROPOSED by A9-10 per row 144; the lane stated no gate),row-54 allocations MEV vs CBE level
T4_MASS_XE_CLOSURE,243,MQ-02,A9-06,,"Is the 4 kg dry development reserve (row 54) the row-52 20 % internal system margin, or additional to it?","treat it as the realization of row 52 and raise it to 4.8 kg (20 % of 24 kg), i.e. dry target 28.8 kg, OR keep 28 kg and cut allocations to 23.333 kg; owner call",LOCK-1 (PROPOSED by A9-10 per row 144; the lane stated no gate),4 kg reserve vs row-52 20 % margin
T4_MASS_XE_CLOSURE,244,MQ-03,A9-06,,AL-04 Hall head+magnet 3.0 kg is below the verified MC-1 magnetic-parts floor 3.504 kg (gap 0.504 kg at CBE). Which re-allocation?,"minimal: move 0.504 kg (0.504 + channel/anode/body once known) from the dry reserve (AL-04-O1), and ask A9-07 for the winding-window mass/power trade before freezing; consequence: reserve 3.496 kg",LOCK-1 (PROPOSED by A9-10 per row 144; the lane stated no gate),Hall head+magnet allocation below the 3.504 kg floor
T4_MASS_XE_CLOSURE,245,MQ-04,A9-06,,AL-07 Hall PPU 2.5 kg is below every row-56-admissible measured PPU analog (lowest 5.0 kg; H2-4 6.1 kg). Which re-allocation?,"owner call; minimal options: AL-07-O1..O4; note moving 2.5 kg from reserve leaves 1.5 kg, and the combined three-line gap (6.548 kg) exceeds the 4 kg reserve",LOCK-1 (PROPOSED by A9-10 per row 144; the lane stated no gate),Hall PPU allocation below the 5.0 kg analog floor
T4_MASS_XE_CLOSURE,246,MQ-05,A9-06,,"AL-08 Xe hardware 1.5 kg is below the H2-7 analog floor 5.044 kg (regulator + valves alone 1.544 kg). Which re-allocation, and does AL-08 include tank mounting/thermal and plumbing?","owner call; proposed scope: AL-08 = A6 stored-Xe hardware (tank, regulator, valves, plumbing, mounting/thermal); raise to >= the A9-08 tank result + regulator + valves",LOCK-1 (PROPOSED by A9-10 per row 144; the lane stated no gate),Xe hardware allocation below the 5.044 kg floor
T4_MASS_XE_CLOSURE,247,MQ-06,A9-06,,"Row 60 harness (5 % of nominal dry) alone is 1.21-1.45 kg, above the whole 'controls/harness 1.0 kg' line. Split the line into controls and harness?",YES: harness by row-60 policy as its own line; controls as a separate allocation,LOCK-1 (PROPOSED by A9-10 per row 144; the lane stated no gate),split controls and harness
T4_MASS_XE_CLOSURE,248,MQ-07,A9-06,,"Map the A9 items that row 54 does not name: collector/bias electrode (AL-05?), collector/bias supply (AL-07?), RF feedthrough/coax (AL-06?), flight sensors and valve drivers (AL-09?), Xe tank mounting/thermal and plumbing (AL-08?).",accept the PROPOSED_MAPPING entries in the A9 flight BOM,LOCK-1 (PROPOSED by A9-10 per row 144; the lane stated no gate),map the A9 items row 54 does not name
T4_MASS_XE_CLOSURE,249,MQ-08,A9-06,,The A9 recorder flag quotes the combined Xe analog as 4.54-12.77 kg; H2-7 ID-11 gives 5.044-12.77 kg. Record the H2-7 value as governing in the A9-10 reconciliation?,YES (the A9 file stays immutable; the verified H2-7 arithmetic is 3.5 + 0.974 + 0.57),LOCK-1 (PROPOSED by A9-10 per row 144; the lane stated no gate),H2-7 Xe analog value governs
T4_MASS_XE_CLOSURE,251,MQ-10,A9-06,,"Under the primary policy reading with the three evidence floors (R2E) the dry mass alone exceeds 40 kg. Accept that closure requires reducing the six evidence-free lines AL-01/02/03/05/06/10 (harness line held at the row-60 rule; e.g. by 4.478556 kg at Xe 2 kg against 40 kg), or revisit the margin reading?",owner call; no allocation is changed by this lane,LOCK-1 (PROPOSED by A9-10 per row 144; the lane stated no gate),dry mass > 40 kg under the evidence floors: closure path
T4_MASS_XE_CLOSURE,262,OQ-A907-07,A9-07,,"Develop a flight C1 integration (external mount on the flight article, two series valves, keeper supply) now for the fallback architecture hall_c1_reference, or defer until C1 is chosen for flight?",defer (OQ-A902-04: C1 is not an automatic flight backup; a flight C1 variant needs its own closures),LOCK-1 (PROPOSED by A9-10 per row 144; the lane stated no gate),flight C1 integration now or deferred
T5_COMPARISON_CAMPAIGN_DESIGN,216,ICPQ-03,A9-03,,Mount both downstream modules on the moving platform so plume-module forces are inside the measured system (ICP-10)?,YES,LOCK-1 (PROPOSED by A9-10 per row 144; the lane stated no gate),both downstream modules on the moving platform
T5_COMPARISON_CAMPAIGN_DESIGN,221,ICPQ-08,A9-03,,"B(z) mapping with RF energized may be corrupted by pickup; accept 'energized where the gaussmeter is shown RF-immune, otherwise immediately after RF-off' as the ICP-31 rule?",YES,LOCK-1 (PROPOSED by A9-10 per row 144; the lane stated no gate),B(z) mapping rule with RF energized
T5_COMPARISON_CAMPAIGN_DESIGN,222,ICPQ-09,A9-03,,Plume interception by a Takahashi-type enclosing source is a real architecture consequence; report it inside the system boundary without correction (ICP-29)?,YES,LOCK-1 (PROPOSED by A9-10 per row 144; the lane stated no gate),plume interception reported inside the system boundary
T5_COMPARISON_CAMPAIGN_DESIGN,288,OQ-A910-05,A9-10,,"With the A9.2 local matching network on / adjacent to the ICP module (moving platform), the matched sham configuration (row 133) must present the same service-line parasitics. Should the hall_c1_reference sham carry a mass / stiffness / thermal equivalent of the on-module match (not only a sham coax), and which of the A9-06 allocation lines (AL-05 ICP head or AL-06 RF) books the local match hardware?","PROPOSED yes (sham equivalent of the on-module match, value TBD - requires the match selection); allocation line: owner call together with MQ-07 (A9-06 keeps it on AL-06, no number changed)","LOCK-1 (ICD ICP-08 / ICP-18, A9-06 AL-05/06)",matched sham must present the local-match service-line parasitics
T5_COMPARISON_CAMPAIGN_DESIGN,286,OQ-A910-03,A9-10,,"May a ledger declared 'peak_sampled' (the unaveraged sampled peak) PASS the 1.5 kW gate when the peak is below 1500 W and the record meets the A9.1 OQ-A902-01 measurement requirements (the maximum 1 ms mean cannot exceed the maximum sample)? A9.1 OQ-A902-01 calls the unaveraged peak 'protection analysis only; not the 1.5 kW gate', so A9-02 does NOT implement this reading: today only a declared p_bus_1ms_max ledger with a conformant gate_measurement record can PASS, and a peak_sampled ledger is NOT_EVALUABLE in both directions.","PROPOSED yes, limited to records meeting >= 100 kSa/s, >= 20 kHz, documented anti-alias filtering and synchronized channels (it is conservative and never substitutes a step average); owner call - not implemented until answered",LOCK-1,peak-sampled ledger admissible for the 1.5 kW gate
T5_COMPARISON_CAMPAIGN_DESIGN,285,OQ-A910-02,A9-10,,"Assign the producing stage and the decision quantity of each A9-05 validation input (98 producing_stage / decision_quantity_ids fields, now reading 'TBD - ASSIGNMENT_NOT_DEFINED_BY_TARGET ... owner call OQ-A910-02', overlay A910-R05-01/02)?",assign at LOCK-1 from the A9-01 stage map and the A9-10 chain -> DQ-HI consumer table (dq_consumer_table); no assignment is invented here; owner call,LOCK-1,assign producing stage and decision quantity to 98 validation-input fields
T5_COMPARISON_CAMPAIGN_DESIGN,240,OQ-VI-04,A9-05 (validation inputs),,ICP-neutralizer lifetime and cycle requirement (VI-LF-05),"hours = the provisional > 15,000 h firing basis (row 3); cycles from the mission mode profile once measured; both TBD; owner call",LOCK-1,ICP-neutralizer lifetime and cycle requirement
T5_COMPARISON_CAMPAIGN_DESIGN,270,OQ-RFQ-01,A9-09,,"Spare quantities (stand flexures, ICP dielectric/feedthrough spares, C1 sacrificial O-exposure unit)?","owner call; proposed: one spare per consumable/breakable item, C1 unit + one spare, sacrificial unit only if the destructive O-exposure test is planned",LOCK-1 (PROPOSED by A9-10 per row 144; the lane stated no gate),spare quantities
T5_COMPARISON_CAMPAIGN_DESIGN,272,OQ-RFQ-03,A9-09,,"Quote the Xe reference-path MFC now with its range TBD, or after A9-01 registers the Xe reference point?",proposed: request indicative quotations now over the C1 + reference envelope; freeze at LOCK-1,LOCK-1 (PROPOSED by A9-10 per row 144; the lane stated no gate),Xe reference-path MFC quoted now or after the reference point is registered
T5_COMPARISON_CAMPAIGN_DESIGN,273,OQ-RFQ-04,A9-09,,Is the 0.6-0.8 mg/s C1 start/diode flow retained (row 125 'if ... retained')?,proposed: quote the second controller as an option line; decide with the C1 vendor start procedure,LOCK-1 (PROPOSED by A9-10 per row 144; the lane stated no gate),C1 start/diode flow retained
T5_COMPARISON_CAMPAIGN_DESIGN,277,OQ-RFQ-08,A9-09,,Request an Option B (complete open-design stand) comparison quote at all under row 118?,"proposed: YES as comparison only, never as the sole path",LOCK-1 (PROPOSED by A9-10 per row 144; the lane stated no gate),Option B open-design stand comparison quote
T5_COMPARISON_CAMPAIGN_DESIGN,267,XA9Q-05,A9-08,,Does a G-XE ICP feed need a filter/getter?,owner call; inferred proposal: not unless the ICP vendor/spec requires Xe purity beyond the supply (row 51 ties the getter to the LaB6 C1 line; the ICP has no thermionic emitter),after-evidence,G-XE ICP feed filter/getter (after evidence)
T6_GOVERNANCE,287,OQ-A910-04,A9-10,,"Accept the location of the M16 v3 JSON at docs/experiments/hall_icp/integration/m16_v3/subsystem_maturity_v3.json instead of the brief-named docs/budgets/subsystem_maturity/subsystem_maturity_v3.json? The immutable H2-7 v1 mechanical BOM builder scans docs/budgets/subsystem_maturity/*.json non-recursively and pins every file it finds, so any new JSON there makes the H2-7 v1 --check stale (verified). The builder and the Markdown keep the brief-named paths (docs/budgets/subsystem_maturity/build_subsystem_maturity_v3.py, SUBSYSTEM_MATURITY_v3.md).","PROPOSED accept (the alternative is to change the immutable H2-7 v1 builder, which is not allowed); orchestrator / owner call",merge of this lane,M16 v3 JSON location (already on main at the proposed path since checkpoint 3)
T6_GOVERNANCE,290,M16-V3-Q-01,M16 v3 (A9-10),,"Accept the PROPOSED A9 blocking item, functional-role owner and latest decision point of each row (rows 1-16, 18-21), and name the responsible engineers (row 140)?",owner call,before any row can become READY (row 140),"M16 v3 blocking items, role owners, responsible engineers"
T6_GOVERNANCE,280,OQ-INT-01,A9-INT (step-1 integration),,"How should the UNMAPPED A9-04 ids (UB-DQ-RF, UB-DQ-NEUT, UB-DQ-ID, UB-DQ-FLOW, UB-DQ-PB, UB-DQ-BZ, UB-DQ-TEMP) relate to the A9-01 DQ-HI ids?",keep them as measurement-chain ids (they are measured quantities feeding several or no decision quantities) and add in A9-10 an explicit chain -> DQ-HI consumer table; owner call,LOCK-1 (PROPOSED by A9-10 per row 144; the lane stated no gate),relation of the A9-04 UB-DQ ids to the A9-01 DQ-HI ids
T6_GOVERNANCE,281,OQ-INT-02,A9-INT (step-1 integration),,Should the A9 deliverables pin each other's sha256 in-file?,no: they reference each other (no fixed point); pin post-integration hashes only in this integration record and rebuild it after any later change; owner call,LOCK-1 (PROPOSED by A9-10 per row 144; the lane stated no gate),in-file sha256 pins between A9 deliverables
