Temperature (K)	Pressure (bar)	Density (kg/m3)	Volume (m3/kg)	Internal Energy (kJ/kg)	Enthalpy (kJ/kg)	Entropy (J/g*K)	Cv (J/g*K)	Cp (J/g*K)	Sound Spd. (m/s)	Joule-Thomson (K/bar)	Viscosity (uPa*s)	Therm. Cond. (W/m*K)	Phase
323.15	70.000	541.82	0.0018456	83.673	96.592	0.36442	0.12917	0.48796	165.76	1.1319	32.109	0.010690	supercritical
323.15	71.000	555.74	0.0017994	83.259	96.035	0.36213	0.12998	0.50302	165.60	1.1177	32.375	0.010875	supercritical
323.15	72.000	570.05	0.0017542	82.837	95.468	0.35983	0.13079	0.51886	165.45	1.1033	32.653	0.011069	supercritical
323.15	73.000	584.74	0.0017102	82.406	94.890	0.35751	0.13162	0.53549	165.31	1.0884	32.944	0.011271	supercritical
323.15	74.000	599.83	0.0016671	81.965	94.302	0.35516	0.13245	0.55295	165.19	1.0732	33.250	0.011482	supercritical
323.15	75.000	615.34	0.0016251	81.515	93.703	0.35280	0.13329	0.57126	165.09	1.0575	33.570	0.011702	supercritical
323.15	76.000	631.28	0.0015841	81.055	93.094	0.35042	0.13414	0.59043	165.02	1.0415	33.905	0.011931	supercritical
323.15	77.000	647.67	0.0015440	80.585	92.473	0.34802	0.13500	0.61048	164.96	1.0251	34.257	0.012170	supercritical
323.15	78.000	664.52	0.0015048	80.104	91.842	0.34559	0.13586	0.63140	164.94	1.0083	34.627	0.012420	supercritical
323.15	79.000	681.84	0.0014666	79.614	91.200	0.34314	0.13672	0.65316	164.94	0.99105	35.016	0.012679	supercritical
323.15	80.000	699.64	0.0014293	79.113	90.548	0.34068	0.13757	0.67572	164.98	0.97346	35.424	0.012948	supercritical
323.15	81.000	717.94	0.0013929	78.602	89.885	0.33819	0.13842	0.69902	165.05	0.95550	35.853	0.013227	supercritical
323.15	82.000	736.72	0.0013574	78.082	89.212	0.33568	0.13925	0.72297	165.16	0.93718	36.305	0.013516	supercritical
323.15	83.000	756.00	0.0013228	77.551	88.530	0.33316	0.14007	0.74743	165.33	0.91852	36.779	0.013814	supercritical
323.15	84.000	775.77	0.0012890	77.011	87.839	0.33061	0.14086	0.77225	165.54	0.89955	37.277	0.014120	supercritical
323.15	85.000	796.01	0.0012563	76.463	87.141	0.32806	0.14163	0.79721	165.81	0.88028	37.800	0.014434	supercritical
323.15	86.000	816.71	0.0012244	75.906	86.436	0.32549	0.14236	0.82208	166.14	0.86076	38.349	0.014755	supercritical
323.15	87.000	837.84	0.0011935	75.342	85.726	0.32292	0.14304	0.84658	166.53	0.84102	38.924	0.015082	supercritical
323.15	88.000	859.38	0.0011636	74.773	85.013	0.32035	0.14368	0.87038	167.01	0.82111	39.526	0.015412	supercritical
323.15	89.000	881.27	0.0011347	74.198	84.297	0.31778	0.14425	0.89314	167.56	0.80107	40.155	0.015745	supercritical
323.15	90.000	903.46	0.0011069	73.621	83.582	0.31522	0.14477	0.91451	168.20	0.78097	40.811	0.016078	supercritical
323.15	91.000	925.90	0.0010800	73.042	82.870	0.31268	0.14521	0.93413	168.93	0.76085	41.494	0.016410	supercritical
323.15	92.000	948.52	0.0010543	72.462	82.162	0.31016	0.14558	0.95166	169.76	0.74079	42.202	0.016739	supercritical
323.15	93.000	971.24	0.0010296	71.885	81.461	0.30767	0.14586	0.96681	170.69	0.72083	42.934	0.017063	supercritical
323.15	94.000	993.99	0.0010060	71.312	80.769	0.30521	0.14607	0.97935	171.73	0.70104	43.690	0.017381	supercritical
323.15	95.000	1016.7	0.00098359	70.744	80.088	0.30280	0.14619	0.98910	172.87	0.68149	44.467	0.017691	supercritical
323.15	96.000	1039.2	0.00096223	70.184	79.421	0.30043	0.14623	0.99598	174.11	0.66222	45.263	0.017992	supercritical
323.15	97.000	1061.6	0.00094198	69.633	78.770	0.29812	0.14619	0.99997	175.47	0.64329	46.076	0.018283	supercritical
323.15	98.000	1083.7	0.00092280	69.092	78.135	0.29587	0.14608	1.0012	176.92	0.62475	46.903	0.018563	supercritical
323.15	99.000	1105.4	0.00090468	68.563	77.519	0.29368	0.14590	0.99969	178.48	0.60664	47.742	0.018833	supercritical
323.15	100.00	1126.7	0.00088758	68.047	76.923	0.29156	0.14566	0.99577	180.13	0.58899	48.589	0.019092	supercritical
323.15	101.00	1147.5	0.00087147	67.545	76.346	0.28950	0.14536	0.98964	181.87	0.57184	49.443	0.019341	supercritical
323.15	102.00	1167.8	0.00085630	67.057	75.791	0.28751	0.14502	0.98158	183.69	0.55520	50.300	0.019580	supercritical
323.15	103.00	1187.6	0.00084204	66.583	75.256	0.28560	0.14463	0.97187	185.58	0.53908	51.159	0.019809	supercritical
323.15	104.00	1206.8	0.00082862	66.125	74.743	0.28375	0.14422	0.96080	187.53	0.52351	52.017	0.020029	supercritical
323.15	105.00	1225.5	0.00081601	65.682	74.250	0.28197	0.14378	0.94865	189.54	0.50848	52.872	0.020241	supercritical
323.15	106.00	1243.6	0.00080415	65.254	73.778	0.28026	0.14332	0.93567	191.60	0.49399	53.722	0.020445	supercritical
323.15	107.00	1261.0	0.00079299	64.841	73.326	0.27861	0.14286	0.92208	193.70	0.48004	54.566	0.020642	supercritical
323.15	108.00	1278.0	0.00078249	64.442	72.893	0.27703	0.14238	0.90810	195.82	0.46662	55.403	0.020833	supercritical
323.15	109.00	1294.3	0.00077261	64.057	72.478	0.27550	0.14190	0.89389	197.98	0.45372	56.232	0.021018	supercritical
323.15	110.00	1310.1	0.00076329	63.685	72.081	0.27404	0.14142	0.87960	200.15	0.44133	57.051	0.021197	supercritical
323.15	111.00	1325.4	0.00075450	63.326	71.701	0.27263	0.14095	0.86535	202.33	0.42942	57.860	0.021372	supercritical
323.15	112.00	1340.1	0.00074620	62.980	71.338	0.27127	0.14048	0.85125	204.52	0.41799	58.658	0.021541	supercritical
323.15	113.00	1354.4	0.00073836	62.646	70.989	0.26996	0.14002	0.83738	206.71	0.40702	59.445	0.021707	supercritical
323.15	114.00	1368.1	0.00073093	62.323	70.656	0.26870	0.13957	0.82378	208.90	0.39649	60.221	0.021869	supercritical
323.15	115.00	1381.4	0.00072390	62.011	70.336	0.26749	0.13914	0.81051	211.08	0.38637	60.986	0.022027	supercritical
323.15	116.00	1394.3	0.00071722	61.710	70.029	0.26632	0.13871	0.79760	213.25	0.37666	61.739	0.022182	supercritical
323.15	117.00	1406.7	0.00071088	61.418	69.735	0.26518	0.13830	0.78508	215.41	0.36733	62.481	0.022334	supercritical
323.15	118.00	1418.7	0.00070485	61.135	69.452	0.26409	0.13790	0.77295	217.55	0.35836	63.211	0.022482	supercritical
323.15	119.00	1430.4	0.00069910	60.861	69.181	0.26303	0.13751	0.76122	219.68	0.34974	63.930	0.022628	supercritical
323.15	120.00	1441.7	0.00069363	60.596	68.920	0.26201	0.13714	0.74990	221.79	0.34146	64.638	0.022771	supercritical
323.15	121.00	1452.6	0.00068840	60.339	68.668	0.26102	0.13678	0.73898	223.88	0.33349	65.334	0.022911	supercritical
323.15	122.00	1463.3	0.00068341	60.089	68.427	0.26006	0.13644	0.72845	225.95	0.32581	66.020	0.023049	supercritical
323.15	123.00	1473.6	0.00067863	59.846	68.194	0.25913	0.13610	0.71831	228.00	0.31842	66.695	0.023185	supercritical
323.15	124.00	1483.6	0.00067405	59.611	67.969	0.25822	0.13578	0.70854	230.03	0.31131	67.360	0.023318	supercritical
323.15	125.00	1493.3	0.00066966	59.382	67.752	0.25734	0.13548	0.69914	232.03	0.30445	68.014	0.023449	supercritical
323.15	126.00	1502.7	0.00066545	59.158	67.543	0.25649	0.13518	0.69009	234.01	0.29783	68.659	0.023577	supercritical
323.15	127.00	1511.9	0.00066140	58.941	67.341	0.25566	0.13490	0.68137	235.97	0.29144	69.294	0.023704	supercritical
323.15	128.00	1520.9	0.00065751	58.730	67.146	0.25485	0.13462	0.67298	237.91	0.28528	69.919	0.023829	supercritical
323.15	129.00	1529.6	0.00065376	58.523	66.957	0.25406	0.13436	0.66490	239.82	0.27932	70.536	0.023952	supercritical
323.15	130.00	1538.1	0.00065015	58.322	66.774	0.25330	0.13411	0.65712	241.71	0.27357	71.143	0.024073	supercritical
323.15	131.00	1546.4	0.00064667	58.126	66.597	0.25255	0.13386	0.64963	243.58	0.26800	71.742	0.024192	supercritical
323.15	132.00	1554.5	0.00064331	57.934	66.426	0.25182	0.13363	0.64240	245.42	0.26262	72.332	0.024310	supercritical
323.15	133.00	1562.3	0.00064006	57.747	66.260	0.25111	0.13341	0.63544	247.24	0.25740	72.914	0.024426	supercritical
323.15	134.00	1570.0	0.00063692	57.564	66.099	0.25041	0.13319	0.62872	249.04	0.25235	73.489	0.024540	supercritical
323.15	135.00	1577.6	0.00063389	57.385	65.943	0.24973	0.13299	0.62225	250.82	0.24746	74.055	0.024653	supercritical
323.15	136.00	1584.9	0.00063094	57.210	65.791	0.24906	0.13279	0.61599	252.58	0.24272	74.614	0.024764	supercritical
323.15	137.00	1592.1	0.00062809	57.039	65.643	0.24841	0.13260	0.60995	254.31	0.23811	75.166	0.024874	supercritical
323.15	138.00	1599.2	0.00062533	56.871	65.500	0.24778	0.13242	0.60412	256.02	0.23365	75.710	0.024982	supercritical
323.15	139.00	1606.0	0.00062265	56.706	65.361	0.24715	0.13224	0.59848	257.72	0.22931	76.248	0.025089	supercritical
323.15	140.00	1612.8	0.00062005	56.545	65.226	0.24654	0.13207	0.59303	259.39	0.22510	76.778	0.025194	supercritical
323.15	141.00	1619.4	0.00061752	56.387	65.094	0.24594	0.13191	0.58776	261.05	0.22101	77.303	0.025299	supercritical
323.15	142.00	1625.9	0.00061506	56.232	64.966	0.24536	0.13175	0.58266	262.68	0.21703	77.821	0.025402	supercritical
323.15	143.00	1632.2	0.00061267	56.080	64.841	0.24478	0.13160	0.57772	264.30	0.21316	78.333	0.025504	supercritical
323.15	144.00	1638.4	0.00061034	55.931	64.720	0.24421	0.13146	0.57294	265.89	0.20939	78.838	0.025604	supercritical
323.15	145.00	1644.5	0.00060807	55.784	64.601	0.24366	0.13132	0.56830	267.47	0.20573	79.338	0.025704	supercritical
323.15	146.00	1650.5	0.00060587	55.640	64.486	0.24311	0.13118	0.56381	269.03	0.20216	79.833	0.025802	supercritical
323.15	147.00	1656.4	0.00060371	55.499	64.373	0.24258	0.13105	0.55945	270.58	0.19868	80.321	0.025900	supercritical
323.15	148.00	1662.2	0.00060161	55.359	64.263	0.24205	0.13093	0.55522	272.11	0.19529	80.805	0.025996	supercritical
323.15	149.00	1667.9	0.00059957	55.223	64.156	0.24153	0.13081	0.55112	273.62	0.19198	81.283	0.026091	supercritical
323.15	150.00	1673.5	0.00059757	55.088	64.052	0.24103	0.13070	0.54713	275.11	0.18876	81.756	0.026185	supercritical
323.15	151.00	1678.9	0.00059562	54.956	63.950	0.24053	0.13058	0.54326	276.59	0.18561	82.224	0.026279	supercritical
323.15	152.00	1684.3	0.00059371	54.826	63.850	0.24003	0.13048	0.53950	278.05	0.18254	82.687	0.026371	supercritical
323.15	153.00	1689.6	0.00059184	54.697	63.753	0.23955	0.13038	0.53584	279.50	0.17955	83.145	0.026463	supercritical
323.15	154.00	1694.9	0.00059002	54.571	63.658	0.23907	0.13028	0.53228	280.93	0.17662	83.599	0.026553	supercritical
323.15	155.00	1700.0	0.00058824	54.447	63.565	0.23860	0.13018	0.52882	282.35	0.17376	84.048	0.026643	supercritical
323.15	156.00	1705.0	0.00058650	54.324	63.474	0.23814	0.13009	0.52545	283.75	0.17096	84.493	0.026732	supercritical
323.15	157.00	1710.0	0.00058479	54.204	63.385	0.23768	0.13000	0.52217	285.14	0.16823	84.934	0.026819	supercritical
323.15	158.00	1714.9	0.00058312	54.085	63.298	0.23723	0.12992	0.51898	286.51	0.16556	85.370	0.026907	supercritical
323.15	159.00	1719.8	0.00058148	53.968	63.213	0.23679	0.12983	0.51586	287.87	0.16294	85.802	0.026993	supercritical
323.15	160.00	1724.5	0.00057987	53.852	63.130	0.23635	0.12976	0.51283	289.22	0.16039	86.231	0.027079	supercritical
323.15	161.00	1729.2	0.00057830	53.738	63.049	0.23592	0.12968	0.50987	290.56	0.15788	86.655	0.027164	supercritical
323.15	162.00	1733.8	0.00057676	53.625	62.969	0.23550	0.12961	0.50698	291.88	0.15543	87.076	0.027248	supercritical
323.15	163.00	1738.4	0.00057524	53.514	62.891	0.23508	0.12954	0.50417	293.19	0.15303	87.493	0.027331	supercritical
323.15	164.00	1742.9	0.00057376	53.405	62.815	0.23466	0.12947	0.50142	294.49	0.15068	87.906	0.027414	supercritical
323.15	165.00	1747.3	0.00057230	53.297	62.740	0.23425	0.12940	0.49874	295.77	0.14838	88.316	0.027496	supercritical
323.15	166.00	1751.7	0.00057087	53.190	62.667	0.23385	0.12934	0.49612	297.05	0.14612	88.722	0.027577	supercritical
323.15	167.00	1756.0	0.00056947	53.085	62.595	0.23345	0.12928	0.49356	298.31	0.14391	89.125	0.027658	supercritical
323.15	168.00	1760.3	0.00056809	52.981	62.524	0.23306	0.12922	0.49106	299.56	0.14174	89.525	0.027738	supercritical
323.15	169.00	1764.5	0.00056674	52.878	62.456	0.23267	0.12916	0.48861	300.81	0.13961	89.921	0.027818	supercritical
323.15	170.00	1768.6	0.00056541	52.776	62.388	0.23229	0.12911	0.48622	302.04	0.13753	90.314	0.027897	supercritical
323.15	171.00	1772.7	0.00056410	52.676	62.322	0.23191	0.12906	0.48388	303.25	0.13548	90.704	0.027975	supercritical
323.15	172.00	1776.8	0.00056281	52.577	62.257	0.23153	0.12901	0.48160	304.46	0.13347	91.091	0.028053	supercritical
323.15	173.00	1780.8	0.00056155	52.479	62.193	0.23116	0.12896	0.47936	305.66	0.13150	91.475	0.028130	supercritical
323.15	174.00	1784.8	0.00056030	52.382	62.131	0.23079	0.12891	0.47717	306.85	0.12956	91.856	0.028206	supercritical
323.15	175.00	1788.7	0.00055908	52.286	62.070	0.23043	0.12887	0.47503	308.03	0.12766	92.234	0.028282	supercritical
323.15	176.00	1792.5	0.00055787	52.191	62.010	0.23007	0.12882	0.47293	309.20	0.12579	92.610	0.028358	supercritical
323.15	177.00	1796.3	0.00055669	52.097	61.951	0.22972	0.12878	0.47087	310.36	0.12396	92.983	0.028433	supercritical
323.15	178.00	1800.1	0.00055552	52.005	61.893	0.22937	0.12874	0.46886	311.51	0.12215	93.352	0.028507	supercritical
323.15	179.00	1803.8	0.00055437	51.913	61.836	0.22902	0.12870	0.46689	312.66	0.12038	93.720	0.028581	supercritical
323.15	180.00	1807.5	0.00055324	51.822	61.780	0.22867	0.12866	0.46495	313.79	0.11864	94.084	0.028655	supercritical
323.15	181.00	1811.2	0.00055212	51.732	61.726	0.22833	0.12863	0.46306	314.91	0.11693	94.447	0.028728	supercritical
323.15	182.00	1814.8	0.00055103	51.643	61.672	0.22800	0.12859	0.46120	316.03	0.11524	94.806	0.028800	supercritical
323.15	183.00	1818.4	0.00054994	51.555	61.619	0.22766	0.12856	0.45937	317.14	0.11359	95.163	0.028872	supercritical
323.15	184.00	1821.9	0.00054888	51.468	61.568	0.22733	0.12853	0.45758	318.24	0.11196	95.518	0.028944	supercritical
323.15	185.00	1825.4	0.00054782	51.382	61.517	0.22701	0.12850	0.45583	319.33	0.11036	95.871	0.029015	supercritical
323.15	186.00	1828.9	0.00054679	51.297	61.467	0.22668	0.12847	0.45411	320.41	0.10878	96.221	0.029086	supercritical
323.15	187.00	1832.3	0.00054577	51.212	61.418	0.22636	0.12844	0.45241	321.49	0.10723	96.569	0.029156	supercritical
323.15	188.00	1835.7	0.00054476	51.129	61.370	0.22605	0.12842	0.45075	322.56	0.10570	96.914	0.029226	supercritical
323.15	189.00	1839.0	0.00054376	51.046	61.323	0.22573	0.12839	0.44912	323.62	0.10420	97.258	0.029295	supercritical
323.15	190.00	1842.4	0.00054278	50.964	61.276	0.22542	0.12836	0.44752	324.67	0.10272	97.599	0.029365	supercritical
323.15	191.00	1845.7	0.00054181	50.882	61.231	0.22511	0.12834	0.44595	325.71	0.10126	97.938	0.029433	supercritical
323.15	192.00	1848.9	0.00054086	50.802	61.186	0.22481	0.12832	0.44440	326.75	0.099828	98.275	0.029501	supercritical
323.15	193.00	1852.1	0.00053992	50.722	61.142	0.22450	0.12830	0.44289	327.78	0.098414	98.610	0.029569	supercritical
323.15	194.00	1855.3	0.00053899	50.643	61.099	0.22420	0.12828	0.44139	328.81	0.097022	98.943	0.029637	supercritical
323.15	195.00	1858.5	0.00053807	50.564	61.057	0.22390	0.12826	0.43993	329.83	0.095650	99.275	0.029704	supercritical
323.15	196.00	1861.6	0.00053716	50.486	61.015	0.22361	0.12824	0.43848	330.84	0.094298	99.604	0.029771	supercritical
323.15	197.00	1864.8	0.00053626	50.409	60.974	0.22331	0.12822	0.43707	331.84	0.092965	99.931	0.029837	supercritical
323.15	198.00	1867.8	0.00053538	50.333	60.934	0.22302	0.12820	0.43567	332.84	0.091652	100.26	0.029903	supercritical
323.15	199.00	1870.9	0.00053451	50.257	60.894	0.22274	0.12819	0.43430	333.83	0.090358	100.58	0.029969	supercritical
323.15	200.00	1873.9	0.00053364	50.182	60.855	0.22245	0.12817	0.43295	334.81	0.089081	100.90	0.030034	supercritical
