plot,V_in_V,V_out_V,P_out_W,efficiency_pct
left,25,250,249.4,86.09
left,25,250,299.9,87.32
left,25,250,399.9,88.47
left,25,250,499.9,89.45
left,25,250,599.9,90.19
left,25,250,699.9,90.51
left,25,250,799.9,90.63
left,25,250,899.9,90.63
left,25,250,999.9,90.57
left,28,250,249.6,86.14
left,28,250,300.1,87.02
left,28,250,400.1,88.31
left,28,250,500.1,88.93
left,28,250,600.1,89.75
left,28,250,700.1,90.09
left,28,250,800.1,90.14
left,28,250,900.1,90.00
left,28,250,1000.1,89.93
left,34,250,249.4,86.00
left,34,250,299.9,87.04
left,34,250,399.9,88.23
left,34,250,499.9,88.60
left,34,250,599.9,89.10
left,34,250,699.9,89.62
left,34,250,799.9,89.63
left,34,250,899.9,89.55
left,34,250,999.9,89.38
right,25,400,199.9,77.05
right,25,400,299.7,81.97
right,25,400,399.5,84.57
right,25,400,499.8,86.57
right,25,400,599.7,87.77
right,25,400,699.5,88.36
right,25,400,799.8,89.87
right,25,400,899.6,90.87
right,25,400,961.6,91.50
right,28,400,200.1,77.16
right,28,400,299.9,81.68
right,28,400,399.8,84.46
right,28,400,500.1,86.09
right,28,400,599.9,87.40
right,28,400,699.7,88.05
right,28,400,800.1,88.50
right,28,400,899.9,89.96
right,28,400,1000.2,90.72
right,34,400,199.9,77.16
right,34,400,299.7,81.42
right,34,400,399.5,84.11
right,34,400,499.8,85.83
right,34,400,599.7,87.06
right,34,400,699.5,87.72
right,34,400,799.8,88.14
right,34,400,899.6,88.40
right,34,400,1000.0,89.35
