# Johnson et al. (2005), JGR Space Physics 110, A11311, doi:10.1029/2005JA011295
# Table 2 integral cross sections. Cross sections and uncertainties are in 1e-18 cm^2.
Energy_eV	A_3Sigma_u+	B_3Pi_g	W_3Delta_u	Bprime_3Sigma_u-	aprime_1Sigma_u-	a_1Pi_g	w_1Delta_u	C_3Pi_u
10	23.2 +/- 4.2	29.9 +/- 5.5	1.85 +/- 0.44					
12.5	12.4 +/- 2.2	21.3 +/- 3.6	11.3 +/- 2.0	1.64 +/- 0.43	1.49 +/- 0.35	7.26 +/- 1.25	0.689 +/- 0.246	0.761 +/- 0.171
15	13.6 +/- 2.5	15.0 +/- 2.7	18.3 +/- 3.4	5.07 +/- 1.93	3.45 +/- 0.97	16.1 +/- 2.9	4.28 +/- 0.83	17.1 +/- 3.1
17.5	11.9 +/- 2.3	12.0 +/- 2.1	17.8 +/- 3.3	5.53 +/- 2.12	3.18 +/- 0.76	18.5 +/- 3.3	3.94 +/- 0.73	14.0 +/- 2.5
20	10.8 +/- 2.1	12.2 +/- 2.2	20.7 +/- 3.8	5.82 +/- 1.51	2.31 +/- 0.63	21.0 +/- 3.7	3.68 +/- 0.71	10.6 +/- 1.9
30	6.88 +/- 1.75	12.0 +/- 2.1	7.54 +/- 1.37	3.02 +/- 0.78	2.07 +/- 0.48	20.7 +/- 3.4	1.87 +/- 0.34	6.87 +/- 1.13
50	4.46 +/- 1.39	4.43 +/- 0.79	3.35 +/- 0.58	1.30 +/- 0.33	0.801 +/- 0.196	13.0 +/- 2.1	1.08 +/- 0.23	3.00 +/- 0.49
100	0.910 +/- 0.163	0.607 +/- 0.110	0.703 +/- 0.137	0.277 +/- 0.096	0.251 +/- 0.080	7.16 +/- 1.29	0.749 +/- 0.196	0.542 +/- 0.097
200						3.41 +/- 0.87		
