# Ragimkhanov et al., Eur. Phys. J. D 80, 69 (2026), CC BY 4.0, Fig. 1b electron MTCS, vector-path extraction (scripts/build_n_elastic_tables.py). curve: opm = present OPM calculation; wang = Wang et al. 2014 BSR as re-plotted in that figure. E in eV, sigma in a0^2.
curve,E_eV,sigma_a0sq
opm,1.00046,4.19388
opm,1.01761,4.07704
opm,1.02583,4.0144
opm,1.03421,3.9584
opm,1.04342,3.90256
opm,1.05184,3.8426
opm,1.06044,3.789
opm,1.06044,3.8426
opm,1.069,3.73614
opm,1.069,3.789
opm,1.07862,3.73614
opm,1.08733,3.68344
opm,1.09621,3.62684
opm,1.10597,3.57625
opm,1.10597,3.62684
opm,1.1149,3.57625
opm,1.12401,3.52636
opm,1.13309,3.47662
opm,1.14318,3.47662
opm,1.15252,3.4232
opm,1.17131,3.4232
opm,1.18175,3.37545
opm,1.21072,3.37545
opm,1.22161,3.32836
opm,1.29379,3.32836
opm,1.30531,3.37545
opm,1.33731,3.37545
opm,1.33731,3.4232
opm,1.36024,3.4232
opm,1.36024,3.47662
opm,1.38356,3.47662
opm,1.39474,3.52636
opm,1.406,3.52636
opm,1.406,3.57625
opm,1.43011,3.57625
opm,1.43011,3.62684
opm,1.44166,3.62684
opm,1.44166,3.68344
opm,1.46517,3.68344
opm,1.46517,3.73614
opm,1.47822,3.73614
opm,1.47822,3.789
opm,1.49016,3.789
opm,1.49016,3.8426
opm,1.51446,3.8426
opm,1.51446,3.90256
opm,1.52809,3.90256
opm,1.52809,3.9584
opm,1.54043,3.9584
opm,1.54043,4.0144
opm,1.56555,4.0144
opm,1.56555,4.07704
opm,1.57949,4.07704
opm,1.57949,4.13472
opm,1.5924,4.13472
opm,1.5924,4.19388
opm,1.60526,4.19388
opm,1.61837,4.25321
opm,1.63278,4.25321
opm,1.63278,4.31958
opm,1.64597,4.31958
opm,1.64597,4.38069
opm,1.65941,4.38069
opm,1.65941,4.44337
opm,1.67281,4.44337
opm,1.67281,4.5127
opm,1.68786,4.5127
opm,1.68786,4.57654
opm,1.71523,4.57654
opm,1.71523,4.64129
opm,1.73067,4.64129
opm,1.73067,4.7077
opm,1.74464,4.7077
opm,1.74464,4.78116
opm,1.75889,4.78116
opm,1.75889,4.8488
opm,1.7731,4.8488
opm,1.7731,4.91739
opm,1.78889,4.91739
opm,1.78889,4.98775
opm,1.8035,4.98775
opm,1.81807,5.06558
opm,1.83292,5.13724
opm,1.84924,5.20992
opm,1.86417,5.20992
opm,1.86417,5.29122
opm,1.8794,5.29122
opm,1.8794,5.36693
opm,1.89458,5.36693
opm,1.89458,5.44285
opm,1.91162,5.44285
opm,1.91162,5.51985
opm,1.92706,5.51985
opm,1.92706,5.60599
opm,1.9428,5.60599
opm,1.95849,5.6862
opm,1.97593,5.6862
opm,1.97593,5.76664
opm,1.99207,5.76664
opm,2.00816,5.84822
opm,2.02456,5.93948
opm,2.04259,5.93948
opm,2.04259,6.02446
opm,2.05909,6.02446
opm,2.05909,6.10969
opm,2.07591,6.10969
opm,2.09267,6.20503
opm,2.11131,6.29281
opm,2.12836,6.29281
opm,2.12836,6.38285
opm,2.14574,6.38285
opm,2.14574,6.47315
opm,2.16485,6.47315
opm,2.16485,6.57416
opm,2.18234,6.57416
opm,2.20016,6.66716
opm,2.21793,6.66716
opm,2.21793,6.76256
opm,2.25596,6.76256
opm,2.25596,6.86808
opm,2.27418,6.86808
opm,2.27418,6.96524
opm,2.31317,6.96524
opm,2.31317,7.06378
opm,2.3509,7.06378
opm,2.3509,7.16485
opm,2.39121,7.16485
opm,2.39121,7.27666
opm,2.41052,7.27666
opm,2.42999,7.3796
opm,2.44983,7.3796
opm,2.44983,7.48399
opm,2.47165,7.48399
opm,2.49184,7.59108
opm,2.51196,7.59108
opm,2.51196,7.70954
opm,2.55503,7.70954
opm,2.55503,7.8186
opm,2.57567,7.8186
opm,2.57567,7.92921
opm,2.61768,7.92921
opm,2.61768,8.05294
opm,2.68406,8.05294
opm,2.68406,8.16816
opm,2.70821,8.16816
opm,2.70821,8.28372
opm,2.75213,8.28372
opm,2.75213,8.4009
opm,2.77461,8.4009
opm,2.79932,8.532
opm,2.82219,8.532
opm,2.82219,8.65408
opm,2.86821,8.65408
opm,2.86821,8.7765
opm,2.94095,8.7765
opm,2.94095,8.90066
opm,3.01554,8.90066
opm,3.01554,9.03955
opm,3.06472,9.03955
opm,3.06472,9.1689
opm,3.14244,9.1689
opm,3.14244,9.29861
opm,3.22214,9.29861
opm,3.22214,9.44371
opm,3.27739,9.44371
opm,3.27739,9.5773
opm,3.35743,9.5773
opm,3.35743,9.71434
opm,3.44258,9.71434
opm,3.4707,9.85177
opm,3.55872,9.85177
opm,3.55872,10.0055
opm,3.64897,10.0055
opm,3.64897,10.147
opm,3.74151,10.147
opm,3.77207,10.2922
opm,3.86773,10.2922
opm,3.86773,10.4528
opm,3.96256,10.4528
opm,3.96256,10.6007
opm,4.13272,10.6007
opm,4.16647,10.7524
opm,4.27214,10.7524
opm,4.27214,10.9045
opm,4.45192,10.9045
opm,4.45192,11.0747
opm,4.56483,11.0747
opm,4.56483,11.2313
opm,4.75693,11.2313
opm,4.75693,11.392
opm,4.95667,11.392
opm,4.95667,11.5532
opm,5.00127,11.5532
opm,5.21174,11.5532
opm,5.25383,11.5532
opm,5.25383,11.7335
opm,5.30062,11.7335
opm,6.41522,11.7335
opm,6.46703,11.7335
opm,6.46703,11.8995
opm,6.51985,11.8995
opm,7.2009,11.8995
opm,7.25905,11.8995
opm,7.25905,12.0678
opm,7.32437,12.0678
opm,7.69425,12.0678
opm,7.75638,12.0678
opm,7.75638,12.2581
opm,8.15553,12.2581
opm,8.15553,12.4315
opm,8.57443,12.4315
opm,8.57443,12.6074
opm,8.93528,12.6074
opm,9.00744,12.7857
opm,9.38737,12.7857
opm,9.38737,12.9873
opm,9.78958,12.9873
opm,9.78958,13.171
opm,10.2016,13.171
opm,10.2016,13.3573
opm,10.4612,13.3573
opm,10.5457,13.5463
opm,10.8132,13.5463
opm,10.9015,13.7577
opm,11.2672,13.7577
opm,11.2672,13.9523
opm,11.7414,13.9523
opm,11.7414,14.1497
opm,12.0402,14.1497
opm,12.1475,14.3728
opm,12.4453,14.3728
opm,12.5561,14.5761
opm,12.7609,14.5761
opm,12.8651,14.7823
opm,13.1914,14.7823
opm,13.2992,14.9914
opm,13.7466,14.9914
opm,13.7466,15.2278
opm,14.2103,15.2278
opm,14.2103,15.4432
opm,14.6884,15.4432
opm,14.8205,15.6617
opm,15.4442,15.6617
opm,15.569,15.8833
opm,16.2375,15.8833
opm,16.2375,16.1337
opm,16.7853,16.1337
opm,16.7853,16.3619
opm,17.4901,16.3619
opm,17.6313,16.5934
opm,18.5386,16.5934
opm,18.5386,16.8523
opm,18.6884,16.8523
opm,20.3111,16.8523
opm,20.4752,16.8523
opm,20.4752,17.0907
opm,20.8091,17.0907
opm,22.616,17.0907
opm,23.379,17.0907
opm,23.5678,16.8523
opm,25.409,16.5934
opm,25.409,16.8523
opm,27.3691,16.5934
opm,27.5902,16.3619
opm,28.5209,16.1337
opm,28.5209,16.3619
opm,29.4804,15.8833
opm,29.4804,16.1337
opm,30.475,15.6617
opm,30.475,15.8833
opm,31.2478,15.4432
opm,31.2478,15.6617
opm,31.7836,15.2278
opm,31.7836,15.4432
opm,32.5629,14.9914
opm,32.5629,15.2278
opm,33.3887,14.9914
opm,33.6614,14.7823
opm,34.2386,14.5761
opm,34.2386,14.7823
opm,34.7938,14.3728
opm,34.7938,14.5761
opm,35.3904,14.3728
opm,35.6794,14.1497
opm,36.2879,14.1497
opm,36.5843,13.9523
opm,37.2116,13.7577
opm,37.2116,13.9523
opm,37.815,13.5463
opm,37.815,13.7577
opm,38.4634,13.3573
opm,38.4634,13.5463
opm,39.4065,13.171
opm,39.4065,13.3573
opm,39.7574,12.9873
opm,39.7574,13.171
opm,40.4058,12.9873
opm,40.7321,12.7857
opm,41.4305,12.6074
opm,41.4305,12.7857
opm,41.7651,12.4315
opm,41.7651,12.6074
opm,42.4812,12.4315
opm,42.8243,12.2581
opm,43.5228,12.0678
opm,43.5228,12.2581
opm,44.269,11.8995
opm,44.269,12.0678
opm,44.6306,11.7335
opm,44.6306,11.8995
opm,45.3917,11.5532
opm,45.3917,11.7335
opm,46.132,11.392
opm,46.132,11.5532
opm,46.923,11.2313
opm,46.923,11.392
opm,47.302,11.2313
opm,47.6883,11.0747
opm,48.113,10.9045
opm,48.113,11.0747
opm,48.8977,10.7524
opm,48.8977,10.9045
opm,49.7362,10.6007
opm,49.7362,10.7524
opm,50.5473,10.4528
opm,50.5473,10.6007
opm,50.9556,10.4528
opm,51.4093,10.2922
opm,51.8293,10.147
opm,51.8293,10.2922
opm,52.6746,10.0055
opm,52.6746,10.147
opm,53.5729,9.85177
opm,53.5729,10.0055
opm,54.0104,9.85177
opm,54.4466,9.71434
opm,54.9365,9.5773
opm,54.9365,9.71434
opm,55.3802,9.44371
opm,55.3802,9.5773
opm,56.3297,9.44371
opm,56.7846,9.29861
opm,57.2485,9.1689
opm,57.2485,9.29861
opm,57.7108,9.1689
opm,58.2247,9.03955
opm,58.7003,8.90066
opm,58.7003,9.03955
opm,59.6523,8.7765
opm,59.6523,8.90066
opm,60.1835,8.7765
opm,60.6695,8.65408
opm,61.1651,8.532
opm,61.1651,8.65408
opm,61.659,8.4009
opm,61.659,8.532
opm,62.7163,8.28372
opm,62.7163,8.4009
opm,63.2285,8.16816
opm,63.2285,8.28372
opm,63.7391,8.16816
opm,64.3068,8.05294
opm,64.832,7.92921
opm,64.832,8.05294
opm,65.3556,7.8186
opm,65.3556,7.92921
opm,65.8894,7.8186
opm,66.4762,7.70954
opm,67.0131,7.59108
opm,67.5604,7.48399
opm,68.106,7.27666
opm,68.106,7.3796
opm,68.7188,7.16485
opm,68.7188,7.27666
opm,69.2738,7.06378
opm,69.2738,7.16485
opm,69.8332,6.96524
opm,69.8332,7.06378
opm,70.4616,6.86808
opm,70.4616,6.96524
opm,71.0306,6.76256
opm,71.0306,6.86808
opm,71.6108,6.66716
opm,71.6108,6.76256
opm,72.1891,6.57416
opm,72.1891,6.66716
opm,72.832,6.47315
opm,72.832,6.57416
opm,73.4269,6.38285
opm,73.4269,6.47315
opm,74.0199,6.29281
opm,74.0199,6.38285
opm,74.6245,6.29281
opm,79.0983,5.6862
opm,79.7371,5.60599
opm,79.7371,5.6862
opm,80.4472,5.51985
opm,80.4472,5.60599
opm,81.1043,5.44285
opm,81.1043,5.51985
opm,81.7593,5.36693
opm,81.7593,5.44285
opm,82.4271,5.29122
opm,82.4271,5.36693
opm,83.1612,5.29122
opm,83.8328,5.20992
opm,84.5175,5.13724
opm,85.2001,5.06558
opm,85.9588,4.98775
opm,85.9588,5.06558
opm,86.6609,4.91739
opm,86.6609,4.98775
opm,87.3608,4.8488
opm,87.3608,4.91739
opm,88.1468,4.78116
opm,88.1468,4.8488
opm,88.8587,4.7077
opm,88.8587,4.78116
opm,89.5763,4.64129
opm,89.5763,4.7077
opm,90.2997,4.57654
opm,90.2997,4.64129
opm,91.1122,4.57654
opm,91.848,4.5127
opm,92.5898,4.44337
opm,92.5898,4.5127
opm,93.346,4.38069
opm,93.346,4.44337
opm,94.1773,4.38069
opm,94.9379,4.31958
opm,95.7134,4.25321
opm,96.4863,4.19388
opm,96.4863,4.25321
opm,97.3456,4.13472
opm,97.3456,4.19388
opm,98.1407,4.07704
opm,98.1407,4.13472
opm,98.9333,4.0144
opm,98.9333,4.07704
opm,99.7414,3.9584
opm,101.452,3.8426
opm,101.452,3.90256
opm,102.271,3.8426
opm,103.106,3.789
opm,104.024,3.73614
opm,104.024,3.789
opm,104.865,3.68344
opm,104.865,3.73614
opm,105.721,3.62684
opm,105.721,3.68344
opm,106.575,3.62684
opm,107.524,3.57625
opm,108.402,3.52636
opm,108.402,3.57625
opm,109.278,3.47662
opm,109.278,3.52636
opm,110.261,3.47662
opm,111.151,3.4232
opm,112.049,3.37545
opm,112.964,3.32836
opm,113.97,3.27722
opm,113.97,3.32836
opm,114.901,3.23099
opm,114.901,3.27722
opm,115.829,3.18592
opm,115.829,3.23099
opm,116.775,3.14148
opm,116.775,3.18592
opm,117.815,3.14148
opm,118.767,3.09321
opm,119.737,3.04958
opm,120.704,3.00704
opm,120.704,3.04958
opm,121.779,2.96509
opm,121.779,3.00704
opm,122.773,2.91953
opm,122.773,2.96509
opm,123.765,2.87835
opm,123.765,2.91953
opm,125.887,2.8382
opm,125.887,2.87835
opm,126.915,2.79459
opm,126.915,2.8382
opm,127.94,2.75561
opm,127.94,2.79459
opm,128.973,2.75561
opm,130.134,2.71673
opm,131.185,2.67884
opm,132.244,2.63768
opm,132.244,2.67884
opm,133.434,2.60088
opm,133.434,2.63768
opm,134.512,2.60088
opm,135.598,2.56419
opm,136.693,2.5248
opm,136.693,2.56419
opm,137.923,2.48958
opm,137.923,2.5248
opm,139.037,2.48958
opm,140.16,2.45485
opm,141.304,2.42022
opm,142.563,2.38303
opm,142.563,2.42022
opm,143.727,2.34979
opm,143.727,2.38303
opm,146.071,2.31701
opm,146.071,2.34979
opm,147.372,2.28433
opm,147.372,2.31701
opm,148.562,2.24923
opm,148.562,2.28433
opm,149.776,2.24923
opm,150.985,2.21785
opm,152.33,2.18692
opm,152.33,2.21785
opm,153.574,2.15331
opm,153.574,2.18692
opm,154.814,2.12294
opm,154.814,2.15331
opm,156.079,2.09332
opm,156.079,2.12294
opm,157.469,2.06412
opm,157.469,2.09332
opm,158.741,2.06412
opm,160.037,2.03241
opm,161.33,2.00374
opm,162.781,1.97579
opm,162.781,2.00374
opm,164.096,1.94823
opm,164.096,1.97579
opm,165.436,1.91829
opm,165.436,1.94823
opm,166.909,1.89123
opm,166.909,1.91829
opm,168.257,1.89123
opm,169.632,1.86485
opm,171.002,1.8362
opm,171.002,1.86485
opm,172.525,1.81058
opm,172.525,1.8362
opm,175.338,1.78504
opm,175.338,1.81058
opm,176.771,1.76014
opm,176.771,1.78504
opm,178.345,1.7331
opm,178.345,1.76014
opm,181.254,1.70892
opm,181.254,1.7331
opm,182.717,1.68481
opm,182.717,1.70892
opm,184.361,1.66131
opm,184.361,1.68481
opm,187.368,1.63579
opm,187.368,1.66131
opm,188.881,1.61297
opm,188.881,1.63579
opm,190.563,1.59047
opm,190.563,1.61297
opm,192.12,1.56578
opm,192.12,1.59047
opm,193.672,1.54394
opm,193.672,1.56578
opm,195.253,1.54394
opm,196.992,1.5224
opm,198.583,1.50117
opm,200.205,1.47787
opm,201.822,1.45725
opm,201.822,1.47787
opm,203.638,1.43692
opm,203.638,1.45725
opm,206.94,1.41462
opm,206.94,1.43692
opm,208.783,1.39489
opm,208.783,1.41462
opm,210.469,1.37543
opm,210.469,1.39489
opm,212.188,1.35624
opm,212.188,1.37543
opm,213.902,1.35624
opm,215.807,1.3354
opm,217.57,1.31678
opm,217.57,1.3354
opm,219.327,1.29841
opm,219.327,1.31678
opm,221.118,1.28009
opm,221.118,1.29841
opm,223.087,1.26042
opm,223.087,1.28009
opm,226.726,1.24284
opm,226.726,1.26042
opm,228.557,1.2255
opm,228.557,1.24284
opm,230.613,1.2255
opm,232.476,1.20648
opm,234.375,1.18965
opm,234.375,1.20648
opm,236.267,1.17306
opm,236.267,1.18965
opm,238.372,1.15669
opm,238.372,1.17306
opm,242.259,1.13874
opm,242.259,1.15669
opm,244.238,1.12285
opm,244.238,1.13874
opm,246.413,1.10719
opm,246.413,1.12285
opm,248.403,1.10719
opm,250.432,1.09175
opm,252.455,1.07497
opm,252.455,1.09175
opm,254.703,1.05981
opm,254.703,1.07497
opm,258.857,1.04502
opm,258.857,1.05981
opm,261.186,1.02897
opm,261.186,1.04502
opm,263.295,1.01461
opm,263.295,1.02897
opm,265.446,1.01461
opm,267.59,1.0003
opm,269.973,0.986348
opm,272.178,0.971193
opm,272.178,0.986348
opm,274.376,0.957645
opm,274.376,0.971193
opm,276.617,0.957645
opm,279.08,0.944136
opm,281.334,0.92963
opm,281.334,0.944136
opm,283.632,0.92963
opm,285.923,0.916662
opm,288.495,0.903875
opm,288.495,0.916662
opm,290.825,0.903875
opm,293.174,0.891124
opm,295.569,0.877432
opm,295.569,0.891124
opm,298.201,0.865193
opm,298.201,0.877432
opm,300.636,0.865193
opm,303.064,0.853124
opm,305.512,0.841089
opm,308.261,0.828166
opm,308.261,0.841089
opm,310.75,0.816614
opm,310.75,0.828166
opm,313.26,0.805222
opm,313.26,0.816614
opm,318.602,0.79285
opm,318.602,0.805222
opm,321.204,0.781666
opm,321.204,0.79285
opm,323.798,0.781666
opm,326.712,0.770762
opm,329.35,0.760011
opm,332.04,0.748333
opm,332.04,0.760011
opm,334.722,0.737777
opm,334.722,0.748333
opm,337.703,0.727485
opm,337.703,0.737777
opm,340.461,0.727485
opm,343.211,0.717337
opm,346.014,0.706315
opm,346.014,0.717337
opm,349.095,0.696352
opm,349.095,0.706315
opm,351.915,0.686638
opm,351.915,0.696352
opm,357.654,0.676088
opm,357.654,0.686638
opm,360.839,0.666657
opm,360.839,0.676088
opm,363.787,0.657252
opm,363.787,0.666657
opm,366.725,0.657252
opm,369.72,0.648084
opm,373.013,0.638127
opm,373.013,0.648084
opm,376.059,0.629225
opm,376.059,0.638127
opm,379.096,0.629225
opm,382.193,0.620349
opm,385.596,0.610817
opm,388.71,0.602297
opm,388.71,0.610817
opm,391.885,0.593895
opm,391.885,0.602297
opm,398.568,0.585517
opm,398.568,0.593895
opm,401.824,0.576521
opm,401.824,0.585517
opm,405.069,0.568479
opm,405.069,0.576521
opm,408.714,0.560549
opm,408.714,0.568479
opm,412.014,0.552641
opm,412.014,0.560549
opm,415.342,0.54415
opm,415.342,0.552641
opm,422.463,0.53656
opm,422.463,0.54415
opm,425.914,0.529075
opm,425.914,0.53656
opm,432.861,0.520946
opm,432.861,0.529075
opm,436.715,0.513597
opm,436.715,0.520946
opm,443.838,0.506433
opm,443.838,0.513597
opm,447.423,0.499368
opm,447.423,0.506433
opm,451.407,0.491695
opm,451.407,0.499368
opm,455.094,0.484759
opm,455.094,0.491695
opm,458.769,0.477997
opm,458.769,0.484759
opm,462.474,0.471329
opm,462.474,0.477997
opm,466.636,0.464088
opm,466.636,0.471329
opm,470.404,0.457541
opm,470.404,0.464088
opm,474.203,0.457541
opm,478.033,0.451158
opm,482.334,0.444226
opm,482.334,0.451158
opm,486.229,0.43803
opm,486.229,0.444226
opm,490.201,0.431851
opm,490.201,0.43803
opm,494.566,0.431851
opm,498.56,0.425827
opm,502.632,0.419284
opm,502.632,0.425827
opm,506.692,0.413435
opm,506.692,0.419284
opm,511.204,0.413435
opm,515.379,0.407603
opm,519.542,0.40134
opm,523.785,0.395742
opm,523.785,0.40134
opm,532.766,0.390221
opm,532.766,0.395742
opm,537.069,0.384717
opm,537.069,0.390221
opm,541.406,0.378805
opm,541.406,0.384717
opm,546.277,0.373521
opm,546.277,0.378805
opm,550.689,0.373521
opm,555.187,0.368311
opm,559.671,0.363115
opm,564.655,0.357536
opm,564.655,0.363115
opm,569.267,0.352549
opm,569.267,0.357536
opm,573.864,0.347631
opm,573.864,0.352549
opm,578.552,0.347631
opm,583.704,0.34229
opm,588.418,0.337461
opm,593.224,0.332754
opm,593.224,0.337461
opm,598.015,0.328112
opm,598.015,0.332754
opm,603.395,0.323071
opm,603.395,0.328112
opm,608.268,0.323071
opm,613.237,0.318513
opm,618.698,0.31407
opm,623.694,0.309689
opm,623.694,0.31407
opm,628.789,0.304931
opm,628.789,0.309689
opm,633.867,0.300629
opm,633.867,0.304931
opm,639.512,0.300629
opm,644.735,0.296436
opm,649.942,0.291881
opm,649.942,0.296436
opm,655.251,0.287809
opm,655.251,0.291881
opm,661.086,0.283749
opm,661.086,0.287809
opm,666.425,0.283749
opm,671.868,0.279791
opm,677.294,0.275492
opm,683.388,0.271649
opm,688.907,0.267817
opm,688.907,0.271649
opm,694.534,0.264081
opm,694.534,0.267817
opm,700.079,0.260024
opm,700.079,0.264081
opm,706.378,0.260024
opm,712.083,0.256397
opm,717.899,0.25278
opm,723.697,0.248896
opm,730.142,0.245424
opm,730.142,0.248896
opm,736.038,0.241962
opm,736.038,0.245424
opm,742.05,0.238587
opm,742.05,0.241962
opm,748.043,0.234921
opm,748.043,0.238587
opm,754.774,0.231644
opm,754.774,0.234921
opm,760.869,0.231644
opm,767.014,0.228376
opm,773.915,0.224867
opm,780.165,0.22173
opm,780.165,0.224867
opm,786.538,0.218637
opm,786.538,0.22173
opm,792.89,0.218637
opm,799.951,0.215553
opm,806.485,0.212241
opm,812.998,0.20928
opm,819.638,0.206361
opm,819.638,0.20928
opm,826.938,0.20345
opm,826.938,0.206361
opm,833.616,0.200324
opm,833.616,0.20345
opm,840.425,0.19753
opm,840.425,0.200324
opm,847.212,0.194774
opm,847.212,0.19753
opm,854.835,0.191782
opm,854.835,0.194774
opm,861.738,0.191782
opm,868.777,0.189076
opm,875.793,0.186439
opm,875.793,0.189076
opm,883.593,0.183838
opm,883.593,0.186439
opm,890.81,0.181013
opm,890.81,0.183838
opm,898.004,0.17846
opm,898.004,0.181013
opm,905.339,0.17597
opm,905.339,0.17846
opm,913.401,0.173516
opm,913.401,0.17597
opm,920.778,0.173516
opm,928.299,0.17085
opm,935.795,0.16844
opm,935.795,0.17085
opm,944.129,0.16609
opm,944.129,0.16844
opm,951.841,0.163538
opm,951.841,0.16609
opm,959.528,0.161257
opm,959.528,0.163538
opm,968.161,0.159007
opm,968.161,0.161257
opm,975.98,0.156789
opm,975.98,0.159007
opm,983.952,0.154356
opm,983.952,0.156789
opm,991.898,0.154356
opm,1000.73,0.152203
opm,1017.05,0.14775
opm,1025.36,0.145689
opm,1025.36,0.14775
opm,1034.49,0.143657
opm,1034.49,0.145689
opm,1042.85,0.141653
opm,1042.85,0.143657
opm,1051.36,0.139454
opm,1051.36,0.141653
opm,1059.85,0.137509
opm,1059.85,0.139454
opm,1069.39,0.13559
opm,1069.39,0.137509
opm,1077.93,0.133699
opm,1077.93,0.13559
opm,1086.73,0.131645
opm,1086.73,0.133699
opm,1105.37,0.129808
opm,1105.37,0.131645
opm,1114.29,0.127998
opm,1114.29,0.129808
opm,1123.29,0.126011
opm,1123.29,0.127998
opm,1132.47,0.124253
opm,1132.47,0.126011
opm,1142.55,0.12252
opm,1142.55,0.124253
opm,1151.78,0.120811
opm,1151.78,0.12252
opm,1161.19,0.118936
opm,1161.19,0.120811
opm,1170.57,0.117277
opm,1170.57,0.118936
opm,1180.99,0.117277
opm,1190.64,0.115641
opm,1200.25,0.114028
opm,1211.05,0.112276
opm,1220.83,0.110692
opm,1230.8,0.109148
opm,1230.8,0.110692
opm,1240.74,0.107471
opm,1240.74,0.109148
opm,1251.79,0.105971
opm,1251.79,0.107471
opm,1262.02,0.104477
opm,1262.02,0.105971
opm,1272.21,0.103019
opm,1272.21,0.104477
opm,1282.6,0.103019
opm,1294.02,0.101436
opm,1304.47,0.100021
opm,1315.13,0.0986103
opm,1325.75,0.0970952
opm,1337.55,0.0957408
opm,1337.55,0.0970952
opm,1348.48,0.0944053
opm,1348.48,0.0957408
opm,1359.37,0.0930735
opm,1359.37,0.0944053
opm,1370.47,0.0916434
opm,1370.47,0.0930735
opm,1382.68,0.0903651
opm,1382.68,0.0916434
opm,1393.97,0.0891045
opm,1393.97,0.0903651
opm,1405.23,0.0891045
opm,1501.5,0.0793793
opm,1515.01,0.0781596
opm,1515.01,0.0793793
opm,1527.25,0.0770571
opm,1527.25,0.0781596
opm,1539.58,0.0759822
opm,1539.58,0.0770571
opm,1552.16,0.0749223
opm,1552.16,0.0759822
opm,1565.98,0.0737711
opm,1565.98,0.0749223
opm,1578.77,0.0727304
opm,1578.77,0.0737711
opm,1591.52,0.0717159
opm,1591.52,0.0727304
opm,1604.38,0.070614
opm,1604.38,0.0717159
opm,1618.81,0.069629
opm,1618.81,0.070614
opm,1631.88,0.0686467
opm,1631.88,0.069629
opm,1645.06,0.0676892
opm,1645.06,0.0686467
opm,1658.35,0.0666491
opm,1658.35,0.0676892
opm,1673.27,0.0657194
opm,1673.27,0.0666491
opm,1686.78,0.0647923
opm,1686.78,0.0657194
opm,1700.41,0.0647923
opm,1848.06,0.056041
opm,1863.15,0.0552592
opm,1863.15,0.056041
opm,1878.2,0.0544102
opm,1878.2,0.0552592
opm,1894.92,0.0536426
opm,1894.92,0.0544102
opm,1910.4,0.0528944
opm,1910.4,0.0536426
opm,1925.83,0.0521565
opm,1925.83,0.0528944
opm,1941.56,0.0513551
opm,1941.56,0.0521565
opm,1958.85,0.0506307
opm,1958.85,0.0513551
opm,1974.85,0.0499244
opm,1974.85,0.0506307
opm,1990.8,0.0499244
opm,2006.88,0.049228
opm,2024.93,0.0484716
opm,2041.29,0.0471212
opm,2041.29,0.0477879
opm,2057.96,0.0471212
opm,2236.66,0.0407567
opm,2254.72,0.0401817
opm,2254.72,0.0407567
opm,2273.14,0.0395643
opm,2273.14,0.0401817
opm,2293.38,0.0390124
opm,2293.38,0.0395643
opm,2311.9,0.0384621
opm,2311.9,0.0390124
opm,2330.79,0.0379256
opm,2330.79,0.0384621
opm,2349.61,0.0373429
opm,2349.61,0.0379256
opm,2370.53,0.036822
opm,2370.53,0.0373429
opm,2389.9,0.0363025
opm,2389.9,0.036822
opm,2409.2,0.0357447
opm,2409.2,0.0363025
opm,2428.88,0.0352461
opm,2428.88,0.0357447
opm,2450.51,0.0347545
opm,2450.51,0.0352461
opm,2470.3,0.0342642
opm,2470.3,0.0347545
opm,2490.25,0.0337377
opm,2490.25,0.0342642
opm,2510.36,0.0332671
opm,2510.36,0.0337377
opm,2532.94,0.0328031
opm,2532.94,0.0332671
opm,2553.4,0.0323403
opm,2553.4,0.0328031
opm,2574.26,0.0318434
opm,2574.26,0.0323403
opm,2595.04,0.0313992
opm,2595.04,0.0318434
opm,2618.16,0.0309612
opm,2618.16,0.0313992
opm,2639.54,0.0304855
opm,2639.54,0.0309612
opm,2660.86,0.0304855
opm,3194.28,0.0221675
opm,3220.37,0.0218583
opm,3220.37,0.0221675
opm,3246.38,0.0215534
opm,3246.38,0.0218583
opm,3275.29,0.0212493
opm,3275.29,0.0215534
opm,3302.04,0.0209229
opm,3302.04,0.0212493
opm,3328.71,0.020631
opm,3328.71,0.0209229
opm,3355.9,0.0203432
opm,3355.9,0.020631
opm,3385.78,0.0200306
opm,3385.78,0.0203432
opm,3413.13,0.0197481
opm,3413.13,0.0200306
opm,3441.01,0.0194726
opm,3441.01,0.0197481
opm,3468.79,0.019201
opm,3468.79,0.0194726
opm,3499.69,0.0189059
opm,3499.69,0.019201
opm,3528.27,0.0186392
opm,3528.27,0.0189059
opm,3556.77,0.0183792
opm,3556.77,0.0186392
opm,3588.77,0.0181229
opm,3588.77,0.0183792
opm,3617.75,0.0178444
opm,3617.75,0.0181229
opm,3647.3,0.0175927
opm,3647.3,0.0178444
opm,3676.76,0.0173473
opm,3676.76,0.0175927
opm,3709.5,0.0170807
opm,3709.5,0.0173473
opm,3739.46,0.0168425
opm,3739.46,0.0170807
opm,3769.66,0.0166049
opm,3769.66,0.0168425
opm,3800.45,0.0166049
opm,4304.28,0.0131612
opm,4304.28,0.0133687
opm,4339.04,0.0129776
opm,4339.04,0.0131612
opm,4377.68,0.0127966
opm,4377.68,0.0129776
opm,4413.43,0.0126181
opm,4413.43,0.0127966
opm,4449.08,0.0124222
opm,4449.08,0.0126181
opm,4489.11,0.012249
opm,4489.11,0.0124222
opm,4525.36,0.0120781
opm,4525.36,0.012249
opm,4561.91,0.0119096
opm,4561.91,0.0120781
opm,4599.17,0.0117247
opm,4599.17,0.0119096
opm,4640.13,0.0115612
opm,4640.13,0.0117247
opm,4678.03,0.0115612
opm,4958.03,0.0102994
opm,4958.03,0.0104467
opm,4998.53,0.0101411
opm,4998.53,0.0102994
opm,5038.9,0.00999965
opm,5038.9,0.0101411
opm,5080.05,0.00986016
opm,5080.05,0.00999965
opm,5125.29,0.00972106
opm,5125.29,0.00986016
opm,5167.16,0.0095717
opm,5167.16,0.00972106
opm,5208.89,0.00943818
opm,5208.89,0.0095717
opm,5250.95,0.00930653
opm,5250.95,0.00943818
opm,5298.2,0.00917524
opm,5298.2,0.00930653
opm,5340.99,0.00903426
opm,5340.99,0.00917524
opm,5384.61,0.00890824
opm,5384.61,0.00903426
opm,5432.57,0.00878398
opm,5432.57,0.00890824
opm,5476.44,0.00864901
opm,5476.44,0.00878398
opm,5521.17,0.008527
opm,5521.17,0.00864901
opm,5565.76,0.00840806
opm,5565.76,0.008527
opm,5615.32,0.00840806
opm,6515.68,0.00638727
opm,6515.68,0.00647866
opm,6568.3,0.00628913
opm,6568.3,0.00638727
opm,6627.4,0.0062014
opm,6627.4,0.00628913
opm,6680.92,0.00611392
opm,6680.92,0.0062014
opm,6735.49,0.00602863
opm,6735.49,0.00611392
opm,6795.47,0.005936
opm,6795.47,0.00602863
opm,6850.35,0.0058532
opm,6850.35,0.005936
opm,6906.31,0.00577063
opm,6906.31,0.0058532
opm,6962.08,0.00568196
opm,6962.08,0.00577063
opm,7024.08,0.00560271
opm,7024.08,0.00568196
opm,7081.45,0.00552455
opm,7081.45,0.00560271
opm,7138.64,0.00544662
opm,7138.64,0.00552455
opm,7196.95,0.00536293
opm,7196.95,0.00544662
opm,7261.04,0.00528812
opm,7261.04,0.00536293
opm,7320.35,0.00521436
opm,7320.35,0.00528812
opm,7379.47,0.0051408
opm,7379.47,0.00521436
opm,7439.07,0.00506181
opm,7439.07,0.0051408
opm,7506,0.0049912
opm,7506,0.00506181
opm,7566.62,0.00492158
opm,7566.62,0.0049912
opm,7628.42,0.00484596
opm,7628.42,0.00492158
opm,7690.03,0.0047776
opm,7690.03,0.00484596
opm,7758.51,0.00471095
opm,7758.51,0.0047776
opm,7821.88,0.00464524
opm,7821.88,0.00471095
opm,7885.05,0.00457387
opm,7885.05,0.00464524
opm,7949.46,0.00450934
opm,7949.46,0.00457387
opm,8020.25,0.00444644
opm,8020.25,0.00450934
opm,8085.02,0.00438442
opm,8085.02,0.00444644
opm,8151.06,0.00431705
opm,8151.06,0.00438442
opm,8216.89,0.00425615
opm,8216.89,0.00431705
opm,8290.82,0.00419678
opm,8290.82,0.00425615
opm,8357.77,0.0041323
opm,8357.77,0.00419678
opm,8426.04,0.00407466
opm,8426.04,0.0041323
opm,8501.08,0.00401718
opm,8501.08,0.00407466
opm,9389.08,0.00332589
opm,9389.08,0.00337778
opm,9464.91,0.00327949
opm,9464.91,0.00332589
opm,9542.22,0.00323374
opm,9542.22,0.00327949
opm,9619.28,0.00318406
opm,9619.28,0.00323374
opm,9704.94,0.00318406
opm,9784.21,0.00309535
opm,9784.21,0.00313914
opm,9863.23,0.00305218
opm,9863.23,0.00309535
opm,9943.79,0.00305218
opm,10196,0.0028808
opm,10196,0.00292155
opm,10278.3,0.00283654
opm,10278.3,0.0028808
opm,10369.8,0.00279652
opm,10369.8,0.00283654
opm,10454.5,0.00275751
opm,10454.5,0.00279652
opm,10539,0.00271514
opm,10539,0.00275751
opm,10633.8,0.00267727
opm,10633.8,0.00271514
opm,10719.7,0.0026395
opm,10719.7,0.00267727
opm,10807.2,0.00260268
opm,10807.2,0.0026395
opm,10894.5,0.00256269
opm,10894.5,0.00260268
opm,10991.5,0.00252695
opm,10991.5,0.00256269
opm,11081.3,0.0024913
opm,11081.3,0.00252695
opm,11170.8,0.00245302
opm,11170.8,0.0024913
opm,11262.1,0.0024188
opm,11262.1,0.00245302
opm,11362.3,0.00238506
opm,11362.3,0.0024188
opm,11454.1,0.00235142
opm,11454.1,0.00238506
opm,11547.7,0.00231529
opm,11547.7,0.00235142
opm,11640.9,0.00228299
opm,11640.9,0.00231529
opm,11745.7,0.00225114
opm,11745.7,0.00228299
opm,11840.5,0.00221939
opm,11840.5,0.00225114
opm,11936.1,0.00218529
opm,11936.1,0.00221939
opm,12033.6,0.0021548
opm,12033.6,0.00218529
opm,12140.8,0.00212475
opm,12140.8,0.0021548
opm,12240,0.0020921
opm,12240,0.00212475
opm,12338.8,0.00206259
opm,12338.8,0.0020921
opm,12439.6,0.00203382
opm,12439.6,0.00206259
opm,12550.4,0.00200544
opm,12550.4,0.00203382
opm,12651.7,0.00197463
opm,12651.7,0.00200544
opm,12755.1,0.00194678
opm,12755.1,0.00197463
opm,12858.1,0.00191962
opm,12858.1,0.00194678
opm,12972.6,0.00189284
opm,12972.6,0.00191962
opm,13077.4,0.00186376
opm,13077.4,0.00189284
opm,13183,0.00183747
opm,13183,0.00186376
opm,13301.6,0.00181184
opm,13301.6,0.00183747
opm,13409,0.001784
opm,13409,0.00181184
opm,13518.5,0.00175911
opm,13518.5,0.001784
opm,13627.7,0.0017343
opm,13627.7,0.00175911
opm,13749.1,0.0017101
opm,13749.1,0.0017343
opm,13861.4,0.00168383
opm,13861.4,0.0017101
opm,13973.3,0.00166034
opm,13973.3,0.00168383
opm,15186.7,0.00141582
opm,15186.7,0.00143585
opm,15310.7,0.0013963
opm,15310.7,0.00141582
opm,15434.3,0.00137462
opm,15434.3,0.0013963
opm,15560.4,0.00135523
opm,15560.4,0.00137462
opm,15699,0.00133633
opm,15699,0.00135523
opm,15825.8,0.0013179
opm,15825.8,0.00133633
opm,15955,0.00129744
opm,15955,0.0013179
opm,16083.9,0.00127934
opm,16083.9,0.00129744
opm,16227.1,0.0012615
opm,16227.1,0.00127934
opm,16359.7,0.0012439
opm,16359.7,0.0012615
opm,16491.8,0.00122459
opm,16491.8,0.0012439
opm,16640.2,0.00120751
opm,16640.2,0.00122459
opm,16774.6,0.00119066
opm,16774.6,0.00120751
opm,16910,0.00117218
opm,16910,0.00119066
opm,17048.1,0.00115583
opm,17048.1,0.00117218
opm,17200,0.00113971
opm,17200,0.00115583
opm,17340.5,0.00112381
opm,17340.5,0.00113971
opm,17480.5,0.00110654
opm,17480.5,0.00112381
opm,17623.3,0.00109111
opm,17623.3,0.00110654
opm,17780.2,0.00107572
opm,17780.2,0.00109111
opm,17923.8,0.00106071
opm,17923.8,0.00107572
opm,18070.2,0.00104441
opm,18070.2,0.00106071
opm,18216.1,0.00102984
opm,18216.1,0.00104441
opm,18378.4,0.00101532
opm,18378.4,0.00102984
opm,18528.5,0.000999716
opm,18528.5,0.00101532
opm,18678.1,0.000985771
opm,18678.1,0.000999716
opm,18830.7,0.000971865
opm,18830.7,0.000985771
opm,18998.4,0.000958308
opm,18998.4,0.000971865
opm,19153.6,0.000943584
opm,19153.6,0.000958308
opm,19308.2,0.000930421
opm,19308.2,0.000943584
opm,19464.2,0.000917296
opm,19464.2,0.000930421
opm,19639.3,0.000903202
opm,19639.3,0.000917296
opm,19796.1,0.000890603
opm,19796.1,0.000903202
opm,19957.8,0.00087818
opm,19957.8,0.000890603
opm,20982.9,0.000793399
opm,20982.9,0.000804623
opm,21152.4,0.000782332
opm,21152.4,0.000793399
opm,21325.1,0.000770311
opm,21325.1,0.000782332
opm,21515,0.000759445
opm,21515,0.000770311
opm,21690.8,0.000748851
opm,21690.8,0.000759445
opm,21866,0.000738405
opm,21866,0.000748851
opm,22042.5,0.000727059
opm,22042.5,0.000738405
opm,22240.9,0.000716803
opm,22240.9,0.000727059
opm,22420.5,0.000706804
opm,22420.5,0.000716803
opm,22603.6,0.000696945
opm,22603.6,0.000706804
opm,22786.2,0.000686236
opm,22786.2,0.000696945
opm,22989.1,0.000676556
opm,22989.1,0.000686236
opm,23176.9,0.000667118
opm,23176.9,0.000676556
opm,23364,0.000656868
opm,23364,0.000667118
opm,23554.9,0.000647705
opm,23554.9,0.000656868
opm,23764.6,0.000638568
opm,23764.6,0.000647705
opm,23956.6,0.000629661
opm,23956.6,0.000638568
opm,24967,0.000577012
opm,24967,0.000585175
opm,25189.4,0.000568872
opm,25189.4,0.000577012
opm,25392.8,0.000560131
opm,25392.8,0.000568872
opm,25600.2,0.000552318
opm,25600.2,0.000560131
opm,25807,0.000544614
opm,25807,0.000552318
opm,26036.8,0.000536931
opm,26036.8,0.000544614
opm,26249.4,0.000528681
opm,26249.4,0.000536931
opm,26461.4,0.000521306
opm,26461.4,0.000528681
opm,26677.6,0.000514034
opm,26677.6,0.000521306
opm,26915.1,0.000506136
opm,26915.1,0.000514034
opm,27132.5,0.000498996
opm,27132.5,0.000506136
opm,27354.1,0.000492036
opm,27354.1,0.000498996
opm,27575,0.000485172
opm,27575,0.000492036
opm,27823.1,0.000477718
opm,27823.1,0.000485172
opm,28047.8,0.000470978
opm,28047.8,0.000477718
opm,28276.9,0.000464409
opm,28276.9,0.000470978
opm,28505.3,0.00045793
opm,28505.3,0.000464409
opm,28759.2,0.000450894
opm,28759.2,0.00045793
opm,28994.1,0.000444534
opm,28994.1,0.000450894
opm,29228.2,0.000438333
opm,29228.2,0.000444534
opm,29464.3,0.000431598
opm,29464.3,0.000438333
opm,29729.4,0.000425577
opm,29729.4,0.000431598
opm,29969.5,0.000419574
opm,29969.5,0.000425577
opm,30211.5,0.000413721
opm,30211.5,0.000419574
opm,30455.5,0.000407364
opm,30455.5,0.000413721
opm,30729.5,0.000401682
opm,30729.5,0.000407364
opm,30977.7,0.000396016
opm,30977.7,0.000401682
opm,31227.8,0.000389931
opm,31227.8,0.000396016
opm,31508.8,0.000384492
opm,31508.8,0.000389931
opm,31763.3,0.000379128
opm,31763.3,0.000384492
opm,32022.7,0.00037378
opm,32022.7,0.000379128
opm,32281.3,0.000368037
opm,32281.3,0.00037378
opm,32568.8,0.000362903
opm,32568.8,0.000368037
opm,32834.8,0.000357841
opm,32834.8,0.000362903
opm,33100,0.000352793
opm,33100,0.000357841
opm,33370.4,0.000347372
opm,33370.4,0.000352793
opm,33667.5,0.000342527
opm,33667.5,0.000347372
opm,33939.4,0.000337749
opm,33939.4,0.000342527
opm,34216.7,0.000332559
opm,34216.7,0.000337749
opm,34493,0.000327868
opm,34493,0.000332559
opm,34803.3,0.000323294
opm,35084.4,0.000318784
opm,35371,0.000309458
opm,35371,0.000313886
opm,35656.6,0.000305142
opm,35656.6,0.000309458
opm,35974.2,0.000300885
opm,35974.2,0.000305142
opm,36268,0.000296262
opm,36268,0.000300885
opm,36560.9,0.000292083
opm,36560.9,0.000296262
opm,36859.5,0.000288009
opm,36859.5,0.000292083
opm,37187.8,0.000283583
opm,37187.8,0.000288009
opm,37488.1,0.000279627
opm,37488.1,0.000283583
opm,37794.3,0.000275683
opm,37794.3,0.000279627
opm,38099.5,0.000271837
opm,38099.5,0.000275683
opm,38438.8,0.000267661
opm,38438.8,0.000271837
opm,38752.8,0.000263927
opm,38752.8,0.000267661
opm,39065.8,0.000263927
opm,42117.8,0.000228242
opm,42117.8,0.000231804
opm,42457.9,0.000225059
opm,42457.9,0.000228242
opm,42804.7,0.000221919
opm,42804.7,0.000225059
opm,43150.4,0.000218509
opm,43150.4,0.000221919
opm,43538.7,0.000215427
opm,43538.7,0.000218509
opm,43890.3,0.000212422
opm,43890.3,0.000215427
opm,44244.7,0.000209459
opm,44244.7,0.000212422
opm,44602.1,0.00020624
opm,44602.1,0.000209459
opm,45003.4,0.000203331
opm,45003.4,0.00020624
opm,45366.8,0.000200495
opm,45366.8,0.000203331
opm,45733.2,0.000197698
opm,45733.2,0.000200495
opm,46106.7,0.00019466
opm,46106.7,0.000197698
opm,46517.3,0.000191914
opm,46517.3,0.00019466
opm,46893,0.000189237
opm,46893,0.000191914
opm,47276,0.00018633
opm,47276,0.000189237
opm,47657.8,0.00018373
opm,47657.8,0.00018633
opm,54901.4,0.000141547
opm,54901.4,0.00014355
opm,55344.7,0.000139595
opm,55344.7,0.000141547
opm,55796.8,0.000137626
opm,55796.8,0.000139595
opm,56293.7,0.00013549
opm,56293.7,0.000137626
opm,56753.5,0.0001336
opm,56753.5,0.00013549
opm,57211.8,0.000131757
opm,57211.8,0.0001336
opm,57673.9,0.000129898
opm,57673.9,0.000131757
opm,58192.8,0.000129898
opm,63193.9,0.000110786
opm,63193.9,0.000112353
opm,63756.6,0.000109084
opm,63756.6,0.000110786
opm,64277.4,0.000107545
opm,64277.4,0.000109084
opm,64796.5,0.000106045
opm,64796.5,0.000107545
opm,65325.7,0.000104415
opm,65325.7,0.000106045
opm,65907.5,0.000102959
opm,65907.5,0.000104415
opm,66439.8,0.000101506
opm,66439.8,0.000102959
opm,66982.4,0.000101506
opm,68124.7,9.71779e-05
opm,68124.7,9.85526e-05
opm,68681.2,9.5807e-05
opm,68681.2,9.71779e-05
opm,69229.5,9.4335e-05
opm,69229.5,9.5807e-05
opm,69795,9.3019e-05
opm,69795,9.4335e-05
opm,70416.5,9.17215e-05
opm,70416.5,9.3019e-05
opm,70985.2,9.04276e-05
opm,70985.2,9.17215e-05
opm,71565,8.90382e-05
opm,71565,9.04276e-05
opm,72142.9,8.77962e-05
opm,72142.9,8.90382e-05
opm,72792.1,8.65715e-05
opm,72792.1,8.77962e-05
opm,73379.9,8.53502e-05
opm,73379.9,8.65715e-05
opm,73979.3,8.40388e-05
opm,73979.3,8.53502e-05
opm,74638.1,8.28666e-05
opm,74638.1,8.40388e-05
opm,75240.9,8.17106e-05
opm,75240.9,8.28666e-05
opm,75855.4,8.04551e-05
opm,75855.4,8.17106e-05
opm,76468,7.93202e-05
opm,76468,8.04551e-05
opm,77149,7.82137e-05
opm,77149,7.93202e-05
opm,77779.2,7.71227e-05
opm,77779.2,7.82137e-05
opm,78407.3,7.59377e-05
opm,78407.3,7.71227e-05
opm,79047.8,7.48665e-05
opm,79047.8,7.59377e-05
opm,79751.7,7.38222e-05
opm,79751.7,7.48665e-05
opm,80403.1,7.27924e-05
opm,80403.1,7.38222e-05
opm,81052.4,7.16739e-05
opm,81052.4,7.27924e-05
opm,81707,7.06629e-05
opm,81707,7.16739e-05
opm,82442.2,6.96772e-05
opm,82442.2,7.06629e-05
opm,83108,6.86066e-05
opm,83108,6.96772e-05
opm,83786.8,6.76496e-05
opm,83786.8,6.86066e-05
opm,84463.5,6.66952e-05
opm,84463.5,6.76496e-05
opm,85215.6,6.57649e-05
opm,85215.6,6.66952e-05
opm,85911.7,6.47544e-05
opm,85911.7,6.57649e-05
opm,86605.5,6.38511e-05
opm,86605.5,6.47544e-05
opm,87312.9,6.29504e-05
opm,87312.9,6.38511e-05
opm,88090.5,6.19832e-05
opm,88090.5,6.29504e-05
opm,88801.9,6.11186e-05
opm,88801.9,6.19832e-05
opm,89527.2,6.0266e-05
opm,89527.2,6.11186e-05
opm,90250.2,5.94159e-05
opm,90250.2,6.0266e-05
opm,91062.3,5.85029e-05
opm,91062.3,5.94159e-05
opm,91797.7,5.76869e-05
opm,91797.7,5.85029e-05
opm,92547.5,5.68822e-05
opm,92547.5,5.76869e-05
opm,93371.6,5.60797e-05
opm,93371.6,5.68822e-05
opm,94125.7,5.52181e-05
opm,94125.7,5.60797e-05
opm,94894.5,5.44478e-05
opm,94894.5,5.52181e-05
opm,95660.9,5.36883e-05
opm,95660.9,5.44478e-05
opm,96512.8,5.28634e-05
opm,96512.8,5.36883e-05
opm,97301.1,5.21177e-05
opm,97301.1,5.28634e-05
opm,98086.9,5.21177e-05
opm,98888.1,5.06738e-05
opm,98888.1,5.13907e-05
opm,99768.7,4.98952e-05
opm,101396,4.85052e-05
opm,102215,4.78286e-05
opm,102215,4.85052e-05
opm,103134,4.70937e-05
opm,103134,4.78286e-05
opm,103967,4.64293e-05
opm,103967,4.70937e-05
opm,104807,4.57817e-05
opm,104807,4.64293e-05
opm,105653,4.50782e-05
opm,105653,4.57817e-05
opm,106604,4.44494e-05
opm,106604,4.50782e-05
opm,107465,4.38224e-05
opm,107465,4.44494e-05
opm,108333,4.38224e-05
opm,132172,3.09431e-05
opm,133349,3.05066e-05
opm,133349,3.09431e-05
opm,134438,3.00811e-05
opm,134438,3.05066e-05
opm,135523,2.96189e-05
opm,135523,3.00811e-05
opm,136630,2.92057e-05
opm,136630,2.96189e-05
opm,137847,2.87937e-05
opm,137847,2.92057e-05
opm,138960,2.8392e-05
opm,138960,2.87937e-05
opm,140095,2.79558e-05
opm,140095,2.8392e-05
opm,141227,2.75658e-05
opm,141227,2.79558e-05
opm,142485,2.7177e-05
opm,142485,2.75658e-05
opm,143648,2.67979e-05
opm,143648,2.7177e-05
opm,144808,2.63861e-05
opm,144808,2.67979e-05
opm,146111,2.60181e-05
opm,146111,2.63861e-05
opm,147291,2.5651e-05
opm,147291,2.60181e-05
opm,148494,2.52569e-05
opm,148494,2.5651e-05
opm,149694,2.49046e-05
opm,149694,2.52569e-05
opm,151027,2.45572e-05
opm,151027,2.49046e-05
opm,152260,2.42108e-05
opm,152260,2.45572e-05
opm,153490,2.38388e-05
opm,153490,2.42108e-05
opm,154730,2.35062e-05
opm,154730,2.38388e-05
opm,156122,2.31746e-05
opm,156122,2.35062e-05
opm,157383,2.28186e-05
opm,157383,2.31746e-05
opm,158654,2.25003e-05
opm,158654,2.28186e-05
opm,159935,2.21864e-05
opm,159935,2.25003e-05
opm,161374,2.18734e-05
opm,161374,2.21864e-05
opm,162677,2.15373e-05
opm,162677,2.18734e-05
opm,163991,2.12369e-05
opm,163991,2.15373e-05
opm,165330,2.09407e-05
opm,165330,2.12369e-05
opm,166803,2.06486e-05
opm,166803,2.09407e-05
opm,168165,2.03281e-05
opm,168165,2.06486e-05
opm,170908,2.00445e-05
opm,170908,2.03281e-05
opm,172430,1.97649e-05
opm,172430,2.00445e-05
opm,173822,1.94612e-05
opm,173822,1.97649e-05
opm,175242,1.91897e-05
opm,175242,1.94612e-05
opm,176657,1.8922e-05
opm,176657,1.91897e-05
opm,178231,1.86581e-05
opm,178231,1.8922e-05
opm,179686,1.83685e-05
opm,179686,1.86581e-05
opm,181138,1.81123e-05
opm,181138,1.83685e-05
opm,182767,1.78596e-05
opm,182767,1.81123e-05
opm,184243,1.76105e-05
opm,184243,1.78596e-05
opm,185731,1.73399e-05
opm,185731,1.76105e-05
opm,187248,1.70953e-05
opm,187248,1.73399e-05
opm,188916,1.68568e-05
opm,188916,1.70953e-05
opm,190459,1.68568e-05
opm,200077,1.54473e-05
opm,201859,1.52294e-05
opm,201859,1.54473e-05
opm,203508,1.49954e-05
opm,203508,1.52294e-05
opm,205151,1.47863e-05
opm,205151,1.49954e-05
opm,206827,1.458e-05
opm,206827,1.47863e-05
opm,208669,1.43743e-05
opm,208669,1.458e-05
opm,210373,1.41535e-05
opm,210373,1.43743e-05
opm,212072,1.3956e-05
opm,212072,1.41535e-05
opm,213785,1.37614e-05
opm,213785,1.3956e-05
opm,215708,1.35672e-05
opm,215708,1.37614e-05
opm,217450,1.33588e-05
opm,217450,1.35672e-05
opm,219227,1.31724e-05
opm,219227,1.33588e-05
opm,221179,1.29887e-05
opm,221179,1.31724e-05
opm,222965,1.27891e-05
opm,222965,1.29887e-05
opm,224786,1.26087e-05
opm,224786,1.27891e-05
opm,226602,1.24328e-05
opm,226602,1.26087e-05
opm,228620,1.24328e-05
opm,230487,1.22594e-05
opm,232348,1.2071e-05
opm,234246,1.19007e-05
opm,234246,1.2071e-05
opm,236332,1.17347e-05
opm,236332,1.19007e-05
opm,238241,1.1571e-05
opm,238241,1.17347e-05
opm,240165,1.1571e-05
opm,242127,1.13933e-05
opm,244283,1.12325e-05
opm,246256,1.10758e-05
opm,248267,1.09057e-05
opm,248267,1.10758e-05
opm,250272,1.07535e-05
opm,250272,1.09057e-05
opm,252501,1.06018e-05
opm,252501,1.07535e-05
opm,254563,1.0454e-05
opm,254563,1.06018e-05
opm,256619,1.02933e-05
opm,256619,1.0454e-05
opm,258715,1.01497e-05
opm,258715,1.02933e-05
opm,261019,1.00066e-05
opm,261019,1.01497e-05
opm,263127,9.85281e-06
opm,263127,1.00066e-05
opm,265276,9.71537e-06
opm,265276,9.85281e-06
opm,267419,9.57985e-06
opm,267419,9.71537e-06
opm,269825,9.44471e-06
opm,269825,9.57985e-06
opm,272004,9.29959e-06
opm,272004,9.44471e-06
opm,274226,9.16987e-06
opm,274226,9.29959e-06
opm,276668,9.04196e-06
opm,276668,9.16987e-06
opm,278902,8.91441e-06
opm,278902,9.04196e-06
opm,281180,8.77744e-06
opm,281180,8.91441e-06
opm,283451,8.77744e-06
opm,285975,8.655e-06
opm,288311,8.53427e-06
opm,288311,8.655e-06
opm,290639,8.40314e-06
opm,290639,8.53427e-06
opm,293013,8.2846e-06
opm,293013,8.40314e-06
opm,295623,8.16903e-06
opm,295623,8.2846e-06
opm,298037,8.05508e-06
opm,298037,8.16903e-06
opm,302871,7.93132e-06
opm,302871,8.05508e-06
opm,305596,7.81943e-06
opm,305596,7.93132e-06
opm,308064,7.71036e-06
opm,308064,7.81943e-06
opm,310580,7.6028e-06
opm,310580,7.71036e-06
opm,313088,7.48599e-06
opm,313088,7.6028e-06
opm,315876,7.38038e-06
opm,315876,7.48599e-06
opm,318456,7.27743e-06
opm,318456,7.38038e-06
opm,321028,7.16561e-06
opm,321028,7.27743e-06
opm,323650,7.06566e-06
opm,323650,7.16561e-06
opm,326533,6.96599e-06
opm,326533,7.06566e-06
opm,329170,6.86882e-06
opm,329170,6.96599e-06
opm,331858,6.76328e-06
opm,331858,6.86882e-06
opm,334538,6.66893e-06
opm,334538,6.76328e-06
opm,337548,6.57486e-06
opm,337548,6.66893e-06
opm,340274,6.47383e-06
opm,340274,6.57486e-06
opm,343022,6.47383e-06
opm,346109,6.38353e-06
opm,348904,6.29448e-06
opm,351754,6.20569e-06
opm,351754,6.29448e-06
opm,354595,6.11034e-06
opm,354595,6.20569e-06
opm,357752,6.0251e-06
opm,357752,6.11034e-06
opm,360675,5.94106e-06
opm,360675,6.0251e-06
opm,363587,5.85725e-06
opm,363587,5.94106e-06
opm,366524,5.76725e-06
opm,366524,5.85725e-06
opm,369788,5.76725e-06
opm,388497,5.29263e-06
opm,391635,5.21131e-06
opm,391635,5.29263e-06
opm,395122,5.13779e-06
opm,395122,5.21131e-06
opm,398350,5.13779e-06
opm,415114,4.78167e-06
opm,418466,4.7082e-06
opm,418466,4.78167e-06
opm,422193,4.64252e-06
opm,422193,4.7082e-06
opm,425642,4.57703e-06
opm,425642,4.64252e-06
opm,429079,4.57703e-06
opm,432940,4.51318e-06
opm,436436,4.44384e-06
opm,440001,4.38185e-06
opm,440001,4.44384e-06
opm,443554,4.32004e-06
opm,443554,4.38185e-06
opm,447504,4.25978e-06
opm,447504,4.32004e-06
opm,451160,4.19433e-06
opm,451160,4.25978e-06
opm,454803,4.13582e-06
opm,454803,4.19433e-06
opm,458518,4.07748e-06
opm,458518,4.13582e-06
opm,462601,4.01482e-06
opm,462601,4.07748e-06
opm,466337,3.95882e-06
opm,466337,4.01482e-06
opm,470146,3.9036e-06
opm,470146,3.95882e-06
opm,473943,3.9036e-06
opm,478207,3.84853e-06
opm,482069,3.7894e-06
opm,482069,3.84853e-06
opm,485962,3.73654e-06
opm,485962,3.7894e-06
opm,489932,3.68383e-06
opm,489932,3.73654e-06
opm,494295,3.62723e-06
opm,494295,3.68383e-06
opm,498332,3.57663e-06
opm,498332,3.62723e-06
opm,502357,3.52674e-06
opm,502357,3.57663e-06
opm,506460,3.47699e-06
opm,506460,3.52674e-06
opm,510970,3.42356e-06
opm,510970,3.47699e-06
opm,515097,3.37581e-06
opm,515097,3.42356e-06
opm,519304,3.37581e-06
opm,523498,3.32872e-06
opm,528160,3.28176e-06
opm,532474,3.23134e-06
opm,532474,3.28176e-06
opm,536774,3.18626e-06
opm,536774,3.23134e-06
opm,541604,3.14182e-06
opm,541604,3.18626e-06
opm,545978,3.09354e-06
opm,545978,3.14182e-06
opm,550387,3.09354e-06
opm,554832,3.0499e-06
opm,559824,3.00736e-06
opm,564345,2.96541e-06
opm,564345,3.00736e-06
opm,568903,2.91984e-06
opm,568903,2.96541e-06
opm,573550,2.87866e-06
opm,573550,2.91984e-06
opm,578657,2.87866e-06
opm,583330,2.8385e-06
opm,588095,2.7989e-06
opm,592844,2.7559e-06
opm,598124,2.71702e-06
opm,603010,2.67912e-06
opm,603010,2.71702e-06
opm,607879,2.63796e-06
opm,607879,2.67912e-06
opm,612845,2.60116e-06
opm,612845,2.63796e-06
opm,618302,2.60116e-06
opm,623353,2.56447e-06
opm,628387,2.52869e-06
opm,633519,2.48984e-06
opm,633519,2.52869e-06
opm,639161,2.45511e-06
opm,639161,2.48984e-06
opm,644323,2.42048e-06
opm,644323,2.45511e-06
opm,649586,2.42048e-06
opm,682951,2.21809e-06
opm,688467,2.18715e-06
opm,688467,2.21809e-06
opm,694090,2.1563e-06
opm,694090,2.18715e-06
opm,700271,2.12316e-06
opm,700271,2.1563e-06
opm,705991,2.12316e-06
opm,711693,2.09355e-06
opm,717506,2.06434e-06
opm,723895,2.03263e-06
opm,729741,2.00395e-06
opm,729741,2.03263e-06
opm,735702,1.976e-06
opm,735702,2.00395e-06
opm,741643,1.976e-06
opm,773491,1.83933e-06
opm,779809,1.81078e-06
opm,779809,1.83933e-06
opm,786106,1.78552e-06
opm,786106,1.81078e-06
opm,792455,1.78552e-06
opm,799585,1.76061e-06
opm,806042,1.73328e-06
opm,812552,1.7091e-06
opm,819863,1.68526e-06
opm,819863,1.7091e-06
opm,826484,1.66175e-06
opm,826484,1.68526e-06
opm,833159,1.63622e-06
opm,833159,1.66175e-06
opm,839887,1.6134e-06
opm,839887,1.63622e-06
opm,847444,1.59064e-06
opm,847444,1.6134e-06
opm,854288,1.5662e-06
opm,854288,1.59064e-06
opm,861187,1.5662e-06
opm,868221,1.54435e-06
opm,875953,1.52281e-06
opm,875953,1.54435e-06
opm,883108,1.50133e-06
opm,883108,1.52281e-06
opm,890240,1.47826e-06
opm,890240,1.50133e-06
opm,897429,1.45764e-06
opm,897429,1.47826e-06
opm,905504,1.4373e-06
opm,905504,1.45764e-06
opm,912817,1.41703e-06
opm,912817,1.4373e-06
opm,920273,1.41703e-06
opm,927705,1.39526e-06
opm,935967,1.37579e-06
opm,935967,1.39526e-06
opm,943612,1.3566e-06
opm,943612,1.37579e-06
opm,951232,1.3566e-06
opm,959002,1.31692e-06
opm,959002,1.33576e-06
opm,967542,1.29855e-06
opm,967542,1.31692e-06
opm,975356,1.28043e-06
opm,975356,1.29855e-06
opm,983323,1.26076e-06
opm,983323,1.28043e-06
opm,991264,1.26076e-06
opm,1.00018e+06,1.24297e-06
wang,0.952363,28.7906
wang,0.984402,28.389
wang,0.984402,28.7906
wang,1.04342,28.389
wang,1.05184,27.9528
wang,1.06044,27.9528
wang,1.10597,27.9528
wang,1.1149,27.9528
wang,1.12401,27.5585
wang,1.18175,27.5585
wang,1.1914,27.1741
wang,1.20102,27.1741
wang,1.25156,27.1741
wang,1.2833,27.1741
wang,1.83292,25.6483
wang,1.84924,25.6483
wang,2.39121,24.1734
wang,2.51196,23.8362
wang,2.51196,24.1734
wang,2.53248,23.8362
wang,2.64099,23.8362
wang,2.66256,23.5037
wang,2.66256,23.8362
wang,2.79932,23.1722
wang,2.79932,23.5037
wang,2.82219,23.1722
wang,3.03989,23.1722
wang,3.06472,22.8161
wang,3.06472,23.1722
wang,3.09201,22.8161
wang,3.44258,22.8161
wang,3.4707,22.4979
wang,3.4707,22.8161
wang,4.95667,22.184
wang,5.00127,22.184
wang,7.2009,22.4979
wang,7.44315,22.4979
wang,7.44315,22.8161
wang,7.50394,22.8161
wang,10.5457,22.8161
wang,10.6319,22.8161
wang,14.5707,21.8711
wang,14.6884,21.5351
wang,19.1623,19.1846
wang,19.4748,19.1846
wang,19.6483,18.917
wang,19.9687,18.6531
wang,19.9687,18.917
wang,20.4752,18.3665
wang,20.4752,18.6531
wang,20.9963,18.1074
wang,20.9963,18.3665
wang,21.3388,17.8549
wang,21.3388,18.1074
wang,21.7027,17.8549
wang,21.8799,17.5805
wang,22.0566,17.5805
wang,22.2368,17.3353
wang,22.4348,17.0907
wang,22.4348,17.3353
wang,22.8007,17.0907
wang,22.9849,16.8523
wang,23.1896,16.8523
wang,23.379,16.5934
wang,23.5678,16.5934
wang,23.7798,16.3619
wang,23.9719,16.3619
wang,24.1677,16.1311
wang,24.5798,15.8833
wang,24.5798,16.1311
wang,24.9807,15.8833
wang,33.3887,12.9852
wang,33.6614,12.7857
wang,44.269,10.1454
wang,44.6306,10.1454
wang,45.0281,10.0039
wang,45.3917,9.85019
wang,45.7625,9.85019
wang,46.5429,9.71279
wang,46.923,9.57578
wang,47.302,9.57578
wang,47.6883,9.4422
wang,48.113,9.29712
wang,48.506,9.29712
wang,51.4093,8.7751
wang,51.8293,8.6527
wang,52.2478,8.6527
wang,52.6746,8.53063
wang,53.1437,8.39956
wang,53.5729,8.39956
wang,54.0104,8.28239
wang,54.4466,8.16686
wang,54.9365,8.16686
wang,55.3802,8.05165
wang,55.8325,8.05165
wang,56.3297,7.92794
wang,56.7846,7.81735
wang,57.2485,7.81735
wang,57.7055,7.7083
wang,58.2247,7.7083
wang,58.6949,7.58987
wang,59.169,7.4828
wang,59.6523,7.4828
wang,60.1835,7.37842
wang,60.6695,7.37842
wang,77.1349,5.76572
wang,77.829,5.68529
wang,100.63,4.44266
wang,101.452,4.37999
wang,101.452,4.44266
wang,103.106,4.31889
wang,103.106,4.37999
wang,104.865,4.25253
wang,104.865,4.31889
wang,105.721,4.25253
wang,106.575,4.19321
wang,107.524,4.19321
wang,108.402,4.13406
wang,109.278,4.07639
wang,109.278,4.13406
wang,110.261,4.07639
wang,111.151,4.01376
wang,112.049,3.95777
wang,112.049,4.01376
wang,113.97,3.90194
wang,113.97,3.95777
wang,114.901,3.84198
wang,114.901,3.90194
wang,115.829,3.84198
wang,116.775,3.78839
wang,117.815,3.78839
wang,118.767,3.73555
wang,119.737,3.68285
wang,120.704,3.68285
wang,121.779,3.62626
wang,122.773,3.57568
wang,122.773,3.62626
wang,123.765,3.57568
wang,124.776,3.5258
wang,125.887,3.5258
wang,126.915,3.47606
wang,127.94,3.47606
