# Song, Cho, Karwasz, Kokoouline & Tennyson, J. Phys. Chem. Ref. Data 52, 023104 (2023), doi:10.1063/5.0150618,
# Fig. 19, vector paths from the NSF Public Access Repository copy https://par.nsf.gov/servlets/purl/10526876
# (sha256 f35b73d1f5f11291e6d844cdd8e324f99b6f5b17a9661d2568fca59e9604875d); extracted by scripts/chemistry/n2_domain_extension_requirements.py --extract-fig19.
# Frame: x log10 from ticks 10 eV (x=348.774 pt) and 1000 eV (534.467 pt); y linear from ticks 0.0 (223.626 pt)
# and 3.0 (86.866 pt) in 1e-16 cm^2. Series identified by the figure LEGEND (Majeed = green dashed, Kawaguchi =
# magenta solid); the caption says the reverse (broken/solid) - the text (Kawaguchi 'somewhat lower', Majeed uses
# Cosby) agrees with the legend. Markers: bounding-box centre (anchor ambiguity <= 0.5 pt ~ 0.011e-16 cm^2).
# Evidence: digitized (vector) from a secondary figure; MS1997/Kawaguchi primaries not accessed (abstract only).
series,x_pt,y_pt,E_eV,sigma_1e-16cm2
MS1997_curve,352.6110,223.3050,10.9983,0.00704
MS1997_curve,353.2510,223.0660,11.1743,0.01228
MS1997_curve,353.4120,223.0660,11.2190,0.01228
MS1997_curve,353.4910,222.9850,11.2410,0.01406
MS1997_curve,353.5720,222.9850,11.2636,0.01406
MS1997_curve,353.6510,222.9850,11.2857,0.01406
MS1997_curve,353.7320,222.9060,11.3084,0.01579
MS1997_curve,353.8110,222.9060,11.3305,0.01579
MS1997_curve,355.4110,222.0259,11.7892,0.03510
MS1997_curve,355.4910,221.9450,11.8126,0.03687
MS1997_curve,355.6510,221.8660,11.8596,0.03861
MS1997_curve,355.8110,221.7870,11.9067,0.04034
MS1997_curve,355.9710,221.7060,11.9540,0.04212
MS1997_curve,356.1310,221.5460,12.0016,0.04563
MS1997_curve,356.2910,221.4670,12.0493,0.04736
MS1997_curve,356.4510,221.3060,12.0972,0.05089
MS1997_curve,356.6100,221.2250,12.1450,0.05267
MS1997_curve,357.9700,220.0270,12.5616,0.07895
MS1997_curve,358.1300,219.8670,12.6116,0.08246
MS1997_curve,358.3690,219.6270,12.6865,0.08772
MS1997_curve,358.5300,219.4680,12.7373,0.09121
MS1997_curve,358.6900,219.3069,12.7879,0.09474
MS1997_curve,358.9290,219.0660,12.8639,0.10003
MS1997_curve,359.0890,218.9070,12.9151,0.10352
MS1997_curve,359.2490,218.6670,12.9664,0.10878
MS1997_curve,360.5290,217.3880,13.3846,0.13684
MS1997_curve,360.6890,217.2270,13.4379,0.14037
MS1997_curve,360.8490,217.0670,13.4913,0.14388
MS1997_curve,361.0890,216.8270,13.5718,0.14914
MS1997_curve,361.2490,216.5890,13.6258,0.15437
MS1997_curve,361.4090,216.3470,13.6800,0.15967
MS1997_curve,361.4880,216.2670,13.7068,0.16143
MS1997_curve,362.7680,214.7490,14.1489,0.19473
MS1997_curve,363.0090,214.5890,14.2337,0.19824
MS1997_curve,363.1670,214.3470,14.2896,0.20355
MS1997_curve,363.4090,214.1080,14.3756,0.20879
MS1997_curve,363.5680,213.8690,14.4324,0.21403
MS1997_curve,363.7280,213.6280,14.4898,0.21932
MS1997_curve,364.7680,212.2690,14.8684,0.24913
MS1997_curve,364.9280,212.1089,14.9275,0.25264
MS1997_curve,365.0880,211.8700,14.9868,0.25788
MS1997_curve,365.3280,211.5500,15.0763,0.26490
MS1997_curve,365.4870,211.3080,15.1358,0.27021
MS1997_curve,365.6480,211.1490,15.1964,0.27370
MS1997_curve,366.6070,209.7110,15.5622,0.30524
MS1997_curve,366.7670,209.5500,15.6240,0.30877
MS1997_curve,366.9270,209.2290,15.6861,0.31582
MS1997_curve,367.1670,208.9100,15.7798,0.32281
MS1997_curve,367.4070,208.5900,15.8740,0.32983
MS1997_curve,367.4870,208.4300,15.9055,0.33334
MS1997_curve,368.6070,206.8310,16.3535,0.36842
MS1997_curve,368.8480,206.4290,16.4515,0.37724
MS1997_curve,369.0870,206.0300,16.5493,0.38599
MS1997_curve,369.3270,205.6310,16.6481,0.39474
MS1997_curve,369.4870,205.3910,16.7143,0.40001
MS1997_curve,370.4460,203.8710,17.1166,0.43335
MS1997_curve,370.6860,203.5520,17.2188,0.44035
MS1997_curve,370.9260,203.0720,17.3216,0.45088
MS1997_curve,371.2460,202.5920,17.4596,0.46141
MS1997_curve,371.3250,202.4310,17.4938,0.46494
MS1997_curve,372.2860,200.9120,17.9158,0.49826
MS1997_curve,372.4450,200.6740,17.9865,0.50348
MS1997_curve,372.7650,200.1120,18.1299,0.51581
MS1997_curve,373.0850,199.6340,18.2743,0.52629
MS1997_curve,373.1640,199.4720,18.3101,0.52985
MS1997_curve,374.1250,198.0330,18.7518,0.56141
MS1997_curve,374.4440,197.3920,18.9007,0.57548
MS1997_curve,374.7640,196.8330,19.0513,0.58774
MS1997_curve,374.8440,196.7540,19.0891,0.58947
MS1997_curve,375.8830,195.0750,19.5874,0.62630
MS1997_curve,376.2820,194.4340,19.7822,0.64036
MS1997_curve,376.6840,193.7940,19.9804,0.65440
MS1997_curve,376.7630,193.7150,20.0196,0.65613
MS1997_curve,377.6430,192.2740,20.4613,0.68774
MS1997_curve,377.9630,191.8750,20.6243,0.69650
MS1997_curve,378.3630,191.2350,20.8299,0.71054
MS1997_curve,378.6020,190.8350,20.9537,0.71931
MS1997_curve,379.5610,189.2350,21.4581,0.75441
MS1997_curve,379.6420,189.1560,21.5012,0.75614
MS1997_curve,380.1230,188.4360,21.7592,0.77194
MS1997_curve,380.4410,187.9560,21.9315,0.78247
MS1997_curve,381.4810,186.3560,22.5045,0.81756
MS1997_curve,381.5610,186.2770,22.5492,0.81930
MS1997_curve,382.0410,185.5569,22.8192,0.83509
MS1997_curve,382.3610,185.0770,23.0010,0.84562
MS1997_curve,383.4810,183.4770,23.6489,0.88072
MS1997_curve,383.5600,183.3970,23.6953,0.88247
MS1997_curve,384.0410,182.6770,23.9796,0.89827
MS1997_curve,384.3610,182.2780,24.1707,0.90702
MS1997_curve,385.5600,180.6780,24.9002,0.94212
MS1997_curve,385.6410,180.5970,24.9502,0.94389
MS1997_curve,386.2000,179.8770,25.2985,0.95969
MS1997_curve,386.5200,179.4780,25.5001,0.96844
MS1997_curve,387.6400,178.1190,26.2183,0.99825
MS1997_curve,387.8800,177.8780,26.3748,1.00354
MS1997_curve,388.4390,177.2390,26.7430,1.01756
MS1997_curve,388.6800,176.9190,26.9033,1.02458
MS1997_curve,389.9590,175.5580,27.7704,1.05443
MS1997_curve,390.1990,175.3180,27.9361,1.05970
MS1997_curve,390.7590,174.7580,28.3268,1.07198
MS1997_curve,391.0790,174.4390,28.5525,1.07898
MS1997_curve,392.5180,173.1600,29.5899,1.10703
MS1997_curve,392.5980,173.0800,29.6486,1.10879
MS1997_curve,393.1570,172.5990,30.0625,1.11934
MS1997_curve,393.7980,172.1200,30.5442,1.12985
MS1997_curve,395.3960,171.0000,31.7790,1.15442
MS1997_curve,395.6370,170.8400,31.9695,1.15793
MS1997_curve,396.2760,170.4400,32.4802,1.16670
MS1997_curve,396.7560,170.1200,32.8691,1.17372
MS1997_curve,398.4350,169.3210,34.2667,1.19125
MS1997_curve,398.9160,169.0800,34.6779,1.19653
MS1997_curve,399.5550,168.7600,35.2318,1.20355
MS1997_curve,399.9550,168.6010,35.5831,1.20704
MS1997_curve,401.7140,167.9610,37.1696,1.22108
MS1997_curve,402.2740,167.8010,37.6895,1.22459
MS1997_curve,402.9140,167.6410,38.2924,1.22810
MS1997_curve,403.2340,167.5620,38.5975,1.22983
MS1997_curve,405.0730,167.1609,40.3986,1.23863
MS1997_curve,405.7930,167.0810,41.1264,1.24038
MS1997_curve,406.5130,166.9220,41.8674,1.24387
MS1997_curve,406.6720,166.9220,42.0328,1.24387
MS1997_curve,408.5110,166.6819,43.9942,1.24914
MS1997_curve,409.4710,166.6819,45.0542,1.24914
MS1997_curve,410.1110,166.6030,45.7750,1.25087
MS1997_curve,411.9490,166.6030,47.9098,1.25087
MS1997_curve,412.5090,166.6030,48.5798,1.25087
MS1997_curve,413.3090,166.6819,49.5532,1.24914
MS1997_curve,413.5480,166.6819,49.8478,1.24914
MS1997_curve,415.3880,166.7620,52.1752,1.24738
MS1997_curve,415.7080,166.7620,52.5909,1.24738
MS1997_curve,416.5880,166.8420,53.7512,1.24563
MS1997_curve,416.9880,166.8420,54.2871,1.24563
MS1997_curve,418.8270,167.0810,56.8203,1.24038
MS1997_curve,419.0660,167.0810,57.1581,1.24038
MS1997_curve,419.9460,167.2410,58.4192,1.23687
MS1997_curve,420.4260,167.3220,59.1188,1.23510
MS1997_curve,422.2660,167.5610,61.8790,1.22986
MS1997_curve,422.5050,167.5610,62.2468,1.22986
MS1997_curve,423.3850,167.7200,63.6202,1.22637
MS1997_curve,423.3850,167.7210,63.6202,1.22635
MS1997_curve,423.8650,167.8000,64.3821,1.22461
MS1997_curve,425.6240,168.2000,67.2528,1.21584
MS1997_curve,426.0250,168.2800,67.9249,1.21408
MS1997_curve,426.9050,168.4400,69.4236,1.21057
MS1997_curve,427.2240,168.5190,69.9750,1.20884
MS1997_curve,428.9830,168.9200,73.0951,1.20004
MS1997_curve,429.6230,169.0790,74.2645,1.19656
MS1997_curve,430.5020,169.3200,75.9012,1.19127
MS1997_curve,430.5830,169.3200,76.0538,1.19127
MS1997_curve,432.3410,169.7200,79.4430,1.18249
MS1997_curve,433.3020,170.0400,81.3591,1.17548
MS1997_curve,433.8620,170.2000,82.4968,1.17197
MS1997_curve,435.6210,170.6790,86.1753,1.16146
MS1997_curve,436.0210,170.8390,87.0344,1.15795
MS1997_curve,436.9800,171.0800,89.1291,1.15266
MS1997_curve,437.1410,171.1590,89.4857,1.15093
MS1997_curve,438.8990,171.7190,93.4734,1.13864
MS1997_curve,439.7790,172.0390,95.5358,1.13162
MS1997_curve,440.4190,172.2790,97.0642,1.12636
MS1997_curve,442.1780,172.8390,101.3922,1.11408
MS1997_curve,442.5790,172.9980,102.4055,1.11059
MS1997_curve,443.4570,173.3180,104.6598,1.10357
MS1997_curve,443.6170,173.3990,105.0759,1.10179
MS1997_curve,445.3770,174.0380,109.7638,1.08777
MS1997_curve,446.2570,174.4380,112.1856,1.07900
MS1997_curve,446.8960,174.6780,113.9776,1.07374
MS1997_curve,448.5770,175.3170,118.8296,1.05972
MS1997_curve,449.0560,175.5569,120.2496,1.05446
MS1997_curve,450.0150,175.9590,123.1438,1.04563
MS1997_curve,451.7750,176.6780,128.6378,1.02986
MS1997_curve,451.9350,176.7570,129.1493,1.02813
MS1997_curve,452.8950,177.1570,132.2609,1.01936
MS1997_curve,453.2150,177.3170,133.3147,1.01585
MS1997_curve,454.9750,178.1170,139.2625,0.99830
MS1997_curve,455.7730,178.4350,142.0460,0.99132
MS1997_curve,456.4140,178.6770,144.3221,0.98601
MS1997_curve,458.1720,179.4750,150.7535,0.96851
MS1997_curve,458.7320,179.7150,152.8617,0.96324
MS1997_curve,459.6120,180.1160,156.2345,0.95445
MS1997_curve,461.2910,180.9140,162.8773,0.93694
MS1997_curve,461.6920,181.0740,164.5051,0.93343
MS1997_curve,462.6510,181.5550,168.4645,0.92288
MS1997_curve,462.7300,181.5550,168.7948,0.92288
MS1997_curve,464.4110,182.3530,175.9804,0.90537
MS1997_curve,464.7300,182.5140,177.3781,0.90184
MS1997_curve,465.7700,182.9940,182.0126,0.89131
MS1997_curve,465.9310,183.0740,182.7407,0.88956
MS1997_curve,467.6090,183.7930,190.5058,0.87379
MS1997_curve,467.8490,183.8720,191.6431,0.87205
MS1997_curve,468.8890,184.3520,196.6502,0.86152
MS1997_curve,469.1280,184.4319,197.8193,0.85977
MS1997_curve,470.7280,185.2320,205.8265,0.84222
MS1997_curve,471.0490,185.3920,207.4716,0.83871
MS1997_curve,472.1680,185.8730,213.3098,0.82816
MS1997_curve,473.8470,186.5920,222.3793,0.81239
MS1997_curve,474.3270,186.8320,225.0423,0.80712
MS1997_curve,475.3670,187.3120,230.9221,0.79659
MS1997_curve,477.0460,188.0320,240.7405,0.78080
MS1997_curve,477.6860,188.2710,244.5920,0.77556
MS1997_curve,478.4860,188.6710,249.4931,0.76678
MS1997_curve,480.1650,189.3910,260.1011,0.75099
MS1997_curve,481.1240,189.7900,266.3613,0.74223
MS1997_curve,481.6840,190.0310,270.0863,0.73695
MS1997_curve,483.3650,190.7510,281.5838,0.72115
MS1997_curve,483.4430,190.7510,282.1290,0.72115
MS1997_curve,484.5630,191.2300,290.0753,0.71065
MS1997_curve,484.8040,191.3100,291.8142,0.70889
MS1997_curve,486.5620,192.1100,304.8182,0.69134
MS1997_curve,486.8830,192.2690,307.2545,0.68785
MS1997_curve,488.0020,192.7510,315.9005,0.67728
MS1997_curve,489.7620,193.4700,329.9942,0.66151
MS1997_curve,490.3210,193.7100,334.6009,0.65624
MS1997_curve,491.2010,194.0300,341.9834,0.64922
MS1997_curve,492.9600,194.7500,357.2320,0.63343
MS1997_curve,493.8400,195.0700,365.1139,0.62641
MS1997_curve,494.4800,195.3090,370.9552,0.62117
MS1997_curve,496.1590,196.0290,386.7275,0.60537
MS1997_curve,497.2790,196.5080,397.6197,0.59487
MS1997_curve,497.6790,196.6680,401.5837,0.59136
MS1997_curve,499.3570,197.3080,418.6479,0.57732
MS1997_curve,499.5180,197.3870,420.3229,0.57558
MS1997_curve,500.6390,197.7890,432.1721,0.56677
MS1997_curve,500.8780,197.8680,434.7412,0.56503
MS1997_curve,502.5570,198.5890,453.2256,0.54922
MS1997_curve,502.8770,198.6680,456.8367,0.54748
MS1997_curve,503.9170,199.0680,468.7727,0.53871
MS1997_curve,504.0760,199.1470,470.6248,0.53698
MS1997_curve,505.8360,199.7880,491.6214,0.52292
MS1997_curve,506.0750,199.8670,494.5440,0.52118
MS1997_curve,507.1960,200.2670,508.4856,0.51241
MS1997_curve,507.3540,200.3480,510.4819,0.51063
MS1997_curve,509.0350,200.9870,532.2131,0.49661
MS1997_curve,509.2740,201.0680,535.3770,0.49484
MS1997_curve,510.3140,201.3880,549.3650,0.48782
MS1997_curve,510.5550,201.4670,552.6582,0.48609
MS1997_curve,512.3140,202.1080,577.3004,0.47202
MS1997_curve,513.2730,202.4260,591.1950,0.46505
MS1997_curve,513.8330,202.6670,599.4628,0.45976
MS1997_curve,515.5120,203.2270,624.9508,0.44748
MS1997_curve,516.1520,203.4660,634.9491,0.44223
MS1997_curve,517.1120,203.7060,650.2473,0.43697
MS1997_curve,518.8720,204.3460,679.2577,0.42293
MS1997_curve,519.7500,204.5860,694.2103,0.41767
MS1997_curve,520.3110,204.8270,703.9362,0.41238
MS1997_curve,522.1500,205.3860,736.7840,0.40012
MS1997_curve,522.2290,205.3860,738.2289,0.40012
MS1997_curve,522.9490,205.7050,751.5291,0.39312
MS1997_curve,523.6700,205.9460,765.0878,0.38783
MS1997_curve,525.3491,206.4240,797.6199,0.37735
MS1997_curve,525.8290,206.5860,807.1695,0.37379
MS1997_curve,526.4680,206.7450,820.0627,0.37031
MS1997_curve,526.8690,206.9060,828.2587,0.36677
MS1997_curve,528.6290,207.3900,865.2110,0.35616
MS1997_curve,528.7880,207.4700,868.6294,0.35440
MS1997_curve,529.3491,207.6310,880.8011,0.35087
MS1997_curve,529.8290,207.7900,891.3465,0.34738
MS1997_curve,530.1480,207.8700,898.4261,0.34563
MS1997_curve,531.9070,208.4300,938.4856,0.33334
MS1997_curve,533.4280,208.9100,974.5620,0.32281
Kawaguchi2021_curve,362.3680,223.6260,14.0092,0.00000
Kawaguchi2021_curve,362.7670,223.3050,14.1485,0.00704
Kawaguchi2021_curve,362.8480,223.3050,14.1770,0.00704
Kawaguchi2021_curve,362.9280,223.2260,14.2051,0.00877
Kawaguchi2021_curve,363.0090,223.1460,14.2337,0.01053
Kawaguchi2021_curve,363.0090,223.2260,14.2337,0.00877
Kawaguchi2021_curve,363.0880,223.1460,14.2616,0.01053
Kawaguchi2021_curve,363.1670,223.0660,14.2896,0.01228
Kawaguchi2021_curve,363.2470,222.9850,14.3180,0.01406
Kawaguchi2021_curve,363.3270,222.9850,14.3464,0.01406
Kawaguchi2021_curve,363.4080,222.9060,14.3752,0.01579
Kawaguchi2021_curve,363.4870,222.8250,14.4034,0.01757
Kawaguchi2021_curve,363.5680,222.8250,14.4324,0.01757
Kawaguchi2021_curve,363.6470,222.7460,14.4607,0.01930
Kawaguchi2021_curve,363.7280,222.6650,14.4898,0.02108
Kawaguchi2021_curve,363.8070,222.5860,14.5182,0.02281
Kawaguchi2021_curve,363.8870,222.5070,14.5470,0.02455
Kawaguchi2021_curve,363.9680,222.5070,14.5763,0.02455
Kawaguchi2021_curve,364.0470,222.4270,14.6049,0.02630
Kawaguchi2021_curve,364.1280,222.3460,14.6342,0.02808
Kawaguchi2021_curve,364.2070,222.2650,14.6629,0.02986
Kawaguchi2021_curve,364.2870,222.1860,14.6920,0.03159
Kawaguchi2021_curve,364.3670,222.1860,14.7212,0.03159
Kawaguchi2021_curve,364.4470,222.1060,14.7505,0.03334
Kawaguchi2021_curve,364.5270,222.0259,14.7798,0.03510
Kawaguchi2021_curve,364.6070,221.9450,14.8091,0.03687
Kawaguchi2021_curve,364.6070,222.0259,14.8091,0.03510
Kawaguchi2021_curve,364.6870,221.8660,14.8385,0.03861
Kawaguchi2021_curve,364.7670,221.7870,14.8680,0.04034
Kawaguchi2021_curve,364.8470,221.7060,14.8975,0.04212
Kawaguchi2021_curve,364.8470,221.7870,14.8975,0.04034
Kawaguchi2021_curve,364.9270,221.6270,14.9271,0.04385
Kawaguchi2021_curve,365.0080,221.5460,14.9571,0.04563
Kawaguchi2021_curve,365.0870,221.4670,14.9864,0.04736
Kawaguchi2021_curve,365.0870,221.5460,14.9864,0.04563
Kawaguchi2021_curve,365.2470,221.3060,15.0460,0.05089
Kawaguchi2021_curve,365.3260,221.2250,15.0755,0.05267
Kawaguchi2021_curve,365.3260,221.3060,15.0755,0.05089
Kawaguchi2021_curve,365.4070,221.1460,15.1058,0.05440
Kawaguchi2021_curve,365.4860,221.0670,15.1355,0.05613
Kawaguchi2021_curve,365.5670,220.9860,15.1659,0.05791
Kawaguchi2021_curve,365.5670,221.0670,15.1659,0.05613
Kawaguchi2021_curve,365.6470,220.9070,15.1960,0.05964
Kawaguchi2021_curve,365.7260,220.8260,15.2258,0.06142
Kawaguchi2021_curve,365.8060,220.7470,15.2561,0.06315
Kawaguchi2021_curve,365.8870,220.5870,15.2867,0.06666
Kawaguchi2021_curve,365.8870,220.6660,15.2867,0.06493
Kawaguchi2021_curve,365.9670,220.5870,15.3171,0.06666
Kawaguchi2021_curve,366.0460,220.4270,15.3471,0.07017
Kawaguchi2021_curve,366.0460,220.5060,15.3471,0.06844
Kawaguchi2021_curve,366.1270,220.3470,15.3780,0.07193
Kawaguchi2021_curve,366.2060,220.2660,15.4082,0.07371
Kawaguchi2021_curve,366.2060,220.3470,15.4082,0.07193
Kawaguchi2021_curve,366.2870,220.1870,15.4391,0.07544
Kawaguchi2021_curve,366.3670,220.0270,15.4698,0.07895
Kawaguchi2021_curve,366.3670,220.1060,15.4698,0.07722
Kawaguchi2021_curve,366.4460,220.0270,15.5001,0.07895
Kawaguchi2021_curve,366.5260,219.8670,15.5309,0.08246
Kawaguchi2021_curve,366.5260,219.9460,15.5309,0.08073
Kawaguchi2021_curve,366.6060,219.7859,15.5618,0.08424
Kawaguchi2021_curve,366.6870,219.7070,15.5931,0.08597
Kawaguchi2021_curve,366.6870,219.7859,15.5931,0.08424
Kawaguchi2021_curve,366.7660,219.6270,15.6236,0.08772
Kawaguchi2021_curve,366.9260,219.3870,15.6858,0.09299
Kawaguchi2021_curve,366.9260,219.4680,15.6858,0.09121
Kawaguchi2021_curve,367.0070,219.3069,15.7173,0.09474
Kawaguchi2021_curve,367.0860,219.2260,15.7481,0.09652
Kawaguchi2021_curve,367.1682,219.1482,15.7803,0.09823
Kawaguchi2021_curve,367.2201,219.0947,15.8006,0.09940
Kawaguchi2021_curve,367.2357,219.0113,15.8067,0.10123
Kawaguchi2021_curve,367.2382,219.0211,15.8077,0.10101
Kawaguchi2021_curve,367.2452,218.9918,15.8104,0.10166
Kawaguchi2021_curve,367.2468,219.0261,15.8110,0.10090
Kawaguchi2021_curve,367.2480,219.0605,15.8115,0.10015
Kawaguchi2021_curve,367.2552,219.0311,15.8143,0.10079
Kawaguchi2021_curve,367.2576,219.0410,15.8153,0.10058
Kawaguchi2021_curve,367.2727,218.9578,15.8212,0.10240
Kawaguchi2021_curve,367.3243,218.9045,15.8415,0.10357
Kawaguchi2021_curve,367.4060,218.8270,15.8736,0.10527
Kawaguchi2021_curve,367.4860,218.7470,15.9051,0.10703
Kawaguchi2021_curve,367.5670,218.6670,15.9371,0.10878
Kawaguchi2021_curve,367.5929,218.6432,15.9473,0.10930
Kawaguchi2021_curve,367.6282,218.6049,15.9613,0.11014
Kawaguchi2021_curve,367.6708,218.5546,15.9782,0.11125
Kawaguchi2021_curve,367.7187,218.4953,15.9972,0.11255
Kawaguchi2021_curve,367.7698,218.4297,16.0175,0.11399
Kawaguchi2021_curve,367.8221,218.3605,16.0382,0.11551
Kawaguchi2021_curve,367.8735,218.2906,16.0587,0.11704
Kawaguchi2021_curve,367.9220,218.2227,16.0780,0.11853
Kawaguchi2021_curve,367.9654,218.1596,16.0953,0.11991
Kawaguchi2021_curve,368.0018,218.1041,16.1099,0.12113
Kawaguchi2021_curve,368.0290,218.0590,16.1208,0.12212
Kawaguchi2021_curve,368.0450,218.0270,16.1272,0.12282
Kawaguchi2021_curve,368.2060,217.9470,16.1917,0.12458
Kawaguchi2021_curve,368.2860,217.7870,16.2238,0.12809
Kawaguchi2021_curve,368.3660,217.7080,16.2560,0.12982
Kawaguchi2021_curve,368.4450,217.5480,16.2879,0.13333
Kawaguchi2021_curve,368.5059,217.4720,16.3125,0.13500
Kawaguchi2021_curve,368.5687,217.3995,16.3380,0.13659
Kawaguchi2021_curve,368.6327,217.3296,16.3639,0.13812
Kawaguchi2021_curve,368.6975,217.2614,16.3902,0.13962
Kawaguchi2021_curve,368.7622,217.1939,16.4166,0.14110
Kawaguchi2021_curve,368.8264,217.1264,16.4427,0.14258
Kawaguchi2021_curve,368.8894,217.0578,16.4684,0.14408
Kawaguchi2021_curve,368.9506,216.9873,16.4934,0.14563
Kawaguchi2021_curve,369.0093,216.9139,16.5175,0.14724
Kawaguchi2021_curve,369.0651,216.8369,16.5403,0.14893
Kawaguchi2021_curve,369.1172,216.7552,16.5617,0.15072
Kawaguchi2021_curve,369.1650,216.6680,16.5814,0.15263
Kawaguchi2021_curve,369.3250,216.5080,16.6473,0.15614
Kawaguchi2021_curve,369.4060,216.3470,16.6808,0.15967
Kawaguchi2021_curve,369.4734,216.2805,16.7087,0.16113
Kawaguchi2021_curve,369.5421,216.2020,16.7372,0.16285
Kawaguchi2021_curve,369.6118,216.1138,16.7661,0.16479
Kawaguchi2021_curve,369.6820,216.0185,16.7953,0.16688
Kawaguchi2021_curve,369.7522,215.9187,16.8246,0.16907
Kawaguchi2021_curve,369.8220,215.8170,16.8538,0.17130
Kawaguchi2021_curve,369.8908,215.7158,16.8825,0.17352
Kawaguchi2021_curve,369.9583,215.6178,16.9108,0.17567
Kawaguchi2021_curve,370.0239,215.5255,16.9384,0.17769
Kawaguchi2021_curve,370.0872,215.4413,16.9650,0.17954
Kawaguchi2021_curve,370.1477,215.3680,16.9904,0.18115
Kawaguchi2021_curve,370.2050,215.3080,17.0146,0.18247
Kawaguchi2021_curve,370.3650,215.1480,17.0823,0.18598
Kawaguchi2021_curve,370.5250,214.9070,17.1502,0.19126
Kawaguchi2021_curve,370.6040,214.7490,17.1838,0.19473
Kawaguchi2021_curve,370.7650,214.5890,17.2526,0.19824
Kawaguchi2021_curve,370.9250,214.3470,17.3211,0.20355
Kawaguchi2021_curve,371.1242,214.0916,17.4069,0.20915
Kawaguchi2021_curve,371.3224,213.8345,17.4927,0.21479
Kawaguchi2021_curve,371.5195,213.5760,17.5784,0.22046
Kawaguchi2021_curve,371.7156,213.3164,17.6641,0.22615
Kawaguchi2021_curve,371.9105,213.0559,17.7497,0.23187
Kawaguchi2021_curve,372.1044,212.7947,17.8353,0.23760
Kawaguchi2021_curve,372.2971,212.5332,17.9207,0.24333
Kawaguchi2021_curve,372.4888,212.2716,18.0061,0.24907
Kawaguchi2021_curve,372.6793,212.0101,18.0914,0.25481
Kawaguchi2021_curve,372.8687,211.7490,18.1765,0.26054
Kawaguchi2021_curve,373.0569,211.4885,18.2616,0.26625
Kawaguchi2021_curve,373.2440,211.2290,18.3465,0.27194
Kawaguchi2021_curve,373.4040,210.9900,18.4194,0.27719
Kawaguchi2021_curve,373.5640,210.8300,18.4927,0.28070
Kawaguchi2021_curve,373.7372,210.5671,18.5723,0.28646
Kawaguchi2021_curve,373.9133,210.3038,18.6536,0.29224
Kawaguchi2021_curve,374.0919,210.0403,18.7364,0.29802
Kawaguchi2021_curve,374.2724,209.7769,18.8204,0.30380
Kawaguchi2021_curve,374.4543,209.5139,18.9055,0.30957
Kawaguchi2021_curve,374.6370,209.2517,18.9914,0.31532
Kawaguchi2021_curve,374.8201,208.9906,19.0778,0.32105
Kawaguchi2021_curve,375.0030,208.7307,19.1645,0.32675
Kawaguchi2021_curve,375.1851,208.4726,19.2513,0.33241
Kawaguchi2021_curve,375.3660,208.2163,19.3379,0.33803
Kawaguchi2021_curve,375.5452,207.9624,19.4240,0.34360
Kawaguchi2021_curve,375.7220,207.7110,19.5093,0.34912
Kawaguchi2021_curve,375.8030,207.5510,19.5486,0.35263
Kawaguchi2021_curve,375.9640,207.3100,19.6268,0.35791
Kawaguchi2021_curve,376.0430,207.1500,19.6653,0.36142
Kawaguchi2021_curve,376.2030,206.9910,19.7435,0.36491
Kawaguchi2021_curve,376.2820,206.8310,19.7822,0.36842
Kawaguchi2021_curve,376.4420,206.5910,19.8608,0.37368
Kawaguchi2021_curve,376.5833,206.3847,19.9305,0.37821
Kawaguchi2021_curve,376.7200,206.1783,19.9982,0.38274
Kawaguchi2021_curve,376.8530,205.9719,20.0643,0.38726
Kawaguchi2021_curve,376.9833,205.7654,20.1292,0.39179
Kawaguchi2021_curve,377.1117,205.5589,20.1934,0.39632
Kawaguchi2021_curve,377.2394,205.3523,20.2575,0.40086
Kawaguchi2021_curve,377.3672,205.1456,20.3218,0.40539
Kawaguchi2021_curve,377.4961,204.9389,20.3869,0.40992
Kawaguchi2021_curve,377.6271,204.7322,20.4532,0.41446
Kawaguchi2021_curve,377.7611,204.5255,20.5213,0.41899
Kawaguchi2021_curve,377.8990,204.3188,20.5916,0.42353
Kawaguchi2021_curve,378.0420,204.1120,20.6647,0.42806
Kawaguchi2021_curve,378.1230,203.9520,20.7063,0.43157
Kawaguchi2021_curve,378.2020,203.7920,20.7469,0.43508
Kawaguchi2021_curve,378.3620,203.6320,20.8294,0.43859
Kawaguchi2021_curve,378.4272,203.4816,20.8631,0.44189
Kawaguchi2021_curve,378.4849,203.3626,20.8930,0.44450
Kawaguchi2021_curve,378.5364,203.2698,20.9197,0.44654
Kawaguchi2021_curve,378.5830,203.1978,20.9439,0.44812
Kawaguchi2021_curve,378.6258,203.1416,20.9661,0.44935
Kawaguchi2021_curve,378.6660,203.0960,20.9870,0.45035
Kawaguchi2021_curve,378.7049,203.0557,21.0073,0.45124
Kawaguchi2021_curve,378.7437,203.0155,21.0275,0.45212
Kawaguchi2021_curve,378.7836,202.9702,21.0483,0.45311
Kawaguchi2021_curve,378.8258,202.9147,21.0704,0.45433
Kawaguchi2021_curve,378.8715,202.8437,21.0942,0.45589
Kawaguchi2021_curve,378.9220,202.7520,21.1207,0.45790
Kawaguchi2021_curve,379.0010,202.5920,21.1621,0.46141
Kawaguchi2021_curve,379.1610,202.4310,21.2462,0.46494
Kawaguchi2021_curve,379.2125,202.3195,21.2734,0.46738
Kawaguchi2021_curve,379.2599,202.2299,21.2984,0.46935
Kawaguchi2021_curve,379.3043,202.1574,21.3219,0.47094
Kawaguchi2021_curve,379.3466,202.0970,21.3443,0.47227
Kawaguchi2021_curve,379.3878,202.0440,21.3661,0.47343
Kawaguchi2021_curve,379.4286,201.9935,21.3877,0.47454
Kawaguchi2021_curve,379.4702,201.9406,21.4098,0.47570
Kawaguchi2021_curve,379.5134,201.8806,21.4327,0.47701
Kawaguchi2021_curve,379.5591,201.8086,21.4570,0.47859
Kawaguchi2021_curve,379.6083,201.7197,21.4832,0.48054
Kawaguchi2021_curve,379.6620,201.6091,21.5119,0.48297
Kawaguchi2021_curve,379.7210,201.4720,21.5434,0.48598
Kawaguchi2021_curve,379.8810,201.3120,21.6290,0.48949
Kawaguchi2021_curve,379.9620,201.1520,21.6725,0.49300
Kawaguchi2021_curve,380.1220,200.9920,21.7587,0.49650
Kawaguchi2021_curve,380.2010,200.8320,21.8014,0.50001
Kawaguchi2021_curve,380.2810,200.5930,21.8446,0.50526
Kawaguchi2021_curve,380.4410,200.4319,21.9315,0.50879
Kawaguchi2021_curve,380.4787,200.3407,21.9520,0.51079
Kawaguchi2021_curve,380.5234,200.2545,21.9764,0.51268
Kawaguchi2021_curve,380.5738,200.1724,22.0038,0.51448
Kawaguchi2021_curve,380.6287,200.0935,22.0338,0.51621
Kawaguchi2021_curve,380.6869,200.0170,22.0657,0.51789
Kawaguchi2021_curve,380.7471,199.9418,22.0986,0.51954
Kawaguchi2021_curve,380.8081,199.8673,22.1321,0.52118
Kawaguchi2021_curve,380.8687,199.7924,22.1654,0.52282
Kawaguchi2021_curve,380.9274,199.7163,22.1977,0.52449
Kawaguchi2021_curve,380.9833,199.6382,22.2284,0.52620
Kawaguchi2021_curve,381.0349,199.5570,22.2569,0.52798
Kawaguchi2021_curve,381.0810,199.4720,22.2824,0.52985
Kawaguchi2021_curve,381.2420,199.3130,22.3715,0.53334
Kawaguchi2021_curve,381.3210,199.1520,22.4154,0.53687
Kawaguchi2021_curve,381.3695,199.0619,22.4424,0.53884
Kawaguchi2021_curve,381.4252,198.9762,22.4734,0.54072
Kawaguchi2021_curve,381.4861,198.8939,22.5074,0.54253
Kawaguchi2021_curve,381.5505,198.8137,22.5433,0.54429
Kawaguchi2021_curve,381.6164,198.7345,22.5802,0.54603
Kawaguchi2021_curve,381.6819,198.6552,22.6169,0.54777
Kawaguchi2021_curve,381.7451,198.5747,22.6524,0.54953
Kawaguchi2021_curve,381.8042,198.4916,22.6856,0.55135
Kawaguchi2021_curve,381.8572,198.4050,22.7155,0.55325
Kawaguchi2021_curve,381.9023,198.3136,22.7409,0.55526
Kawaguchi2021_curve,381.9375,198.2163,22.7607,0.55739
Kawaguchi2021_curve,381.9610,198.1120,22.7740,0.55968
Kawaguchi2021_curve,382.1210,197.9529,22.8646,0.56317
Kawaguchi2021_curve,382.2010,197.7940,22.9100,0.56666
Kawaguchi2021_curve,382.2800,197.6340,22.9549,0.57017
Kawaguchi2021_curve,382.4212,197.4531,23.0354,0.57413
Kawaguchi2021_curve,382.5649,197.2582,23.1177,0.57841
Kawaguchi2021_curve,382.7101,197.0516,23.2010,0.58294
Kawaguchi2021_curve,382.8562,196.8359,23.2853,0.58767
Kawaguchi2021_curve,383.0024,196.6134,23.3698,0.59255
Kawaguchi2021_curve,383.1478,196.3867,23.4543,0.59753
Kawaguchi2021_curve,383.2916,196.1582,23.5381,0.60254
Kawaguchi2021_curve,383.4331,195.9304,23.6208,0.60754
Kawaguchi2021_curve,383.5715,195.7057,23.7020,0.61247
Kawaguchi2021_curve,383.7060,195.4866,23.7812,0.61727
Kawaguchi2021_curve,383.8358,195.2756,23.8579,0.62190
Kawaguchi2021_curve,383.9600,195.0750,23.9315,0.62630
Kawaguchi2021_curve,384.0400,194.9150,23.9790,0.62981
Kawaguchi2021_curve,384.2000,194.7549,24.0743,0.63332
Kawaguchi2021_curve,384.2800,194.6740,24.1222,0.63510
Kawaguchi2021_curve,384.3600,194.5130,24.1701,0.63863
Kawaguchi2021_curve,384.4400,194.3540,24.2181,0.64212
Kawaguchi2021_curve,384.5200,194.1950,24.2662,0.64561
Kawaguchi2021_curve,384.6810,194.0350,24.3632,0.64912
Kawaguchi2021_curve,384.7600,193.8750,24.4110,0.65263
Kawaguchi2021_curve,384.8390,193.7940,24.4589,0.65440
Kawaguchi2021_curve,384.8572,193.7506,24.4699,0.65535
Kawaguchi2021_curve,384.8859,193.7011,24.4874,0.65644
Kawaguchi2021_curve,384.9233,193.6465,24.5101,0.65764
Kawaguchi2021_curve,384.9673,193.5875,24.5368,0.65893
Kawaguchi2021_curve,385.0159,193.5253,24.5664,0.66030
Kawaguchi2021_curve,385.0671,193.4606,24.5976,0.66172
Kawaguchi2021_curve,385.1191,193.3945,24.6294,0.66317
Kawaguchi2021_curve,385.1697,193.3278,24.6603,0.66463
Kawaguchi2021_curve,385.2171,193.2615,24.6893,0.66608
Kawaguchi2021_curve,385.2593,193.1964,24.7152,0.66751
Kawaguchi2021_curve,385.2943,193.1337,24.7366,0.66889
Kawaguchi2021_curve,385.3200,193.0740,24.7524,0.67020
Kawaguchi2021_curve,385.4800,192.9150,24.8508,0.67368
Kawaguchi2021_curve,385.5590,192.8350,24.8996,0.67544
Kawaguchi2021_curve,385.6052,192.7725,24.9281,0.67681
Kawaguchi2021_curve,385.6532,192.7108,24.9578,0.67816
Kawaguchi2021_curve,385.7027,192.6499,24.9884,0.67950
Kawaguchi2021_curve,385.7538,192.5897,25.0201,0.68082
Kawaguchi2021_curve,385.8062,192.5299,25.0527,0.68213
Kawaguchi2021_curve,385.8599,192.4705,25.0861,0.68343
Kawaguchi2021_curve,385.9146,192.4113,25.1201,0.68473
Kawaguchi2021_curve,385.9702,192.3523,25.1548,0.68603
Kawaguchi2021_curve,386.0266,192.2933,25.1900,0.68732
Kawaguchi2021_curve,386.0836,192.2342,25.2256,0.68862
Kawaguchi2021_curve,386.1411,192.1748,25.2616,0.68992
Kawaguchi2021_curve,386.1990,192.1150,25.2979,0.69123
Kawaguchi2021_curve,386.2790,191.9550,25.3482,0.69474
Kawaguchi2021_curve,386.4390,191.8750,25.4489,0.69650
Kawaguchi2021_curve,386.5190,191.7950,25.4995,0.69825
Kawaguchi2021_curve,386.6688,191.6444,25.5944,0.70156
Kawaguchi2021_curve,386.8194,191.4973,25.6902,0.70478
Kawaguchi2021_curve,386.9712,191.3534,25.7870,0.70794
Kawaguchi2021_curve,387.1243,191.2128,25.8851,0.71102
Kawaguchi2021_curve,387.2792,191.0754,25.9848,0.71404
Kawaguchi2021_curve,387.4361,190.9410,26.0861,0.71699
Kawaguchi2021_curve,387.5954,190.8096,26.1893,0.71987
Kawaguchi2021_curve,387.7574,190.6811,26.2948,0.72269
Kawaguchi2021_curve,387.9223,190.5555,26.4025,0.72544
Kawaguchi2021_curve,388.0905,190.4327,26.5129,0.72814
Kawaguchi2021_curve,388.2623,190.3125,26.6261,0.73077
Kawaguchi2021_curve,388.4380,190.1950,26.7424,0.73335
Kawaguchi2021_curve,388.5190,190.0359,26.7961,0.73684
Kawaguchi2021_curve,388.6790,189.9550,26.9027,0.73862
Kawaguchi2021_curve,388.7580,189.8760,26.9554,0.74035
Kawaguchi2021_curve,388.9190,189.7950,27.0633,0.74212
Kawaguchi2021_curve,388.9980,189.7160,27.1163,0.74386
Kawaguchi2021_curve,389.1580,189.6360,27.2242,0.74561
Kawaguchi2021_curve,389.2390,189.4740,27.2789,0.74917
Kawaguchi2021_curve,389.3990,189.3960,27.3874,0.75088
Kawaguchi2021_curve,389.5570,189.3160,27.4949,0.75263
Kawaguchi2021_curve,389.6390,189.2350,27.5509,0.75441
Kawaguchi2021_curve,389.7990,189.1560,27.6604,0.75614
Kawaguchi2021_curve,389.8780,189.0760,27.7146,0.75790
Kawaguchi2021_curve,390.0380,188.9160,27.8248,0.76141
Kawaguchi2021_curve,390.0958,188.8667,27.8647,0.76249
Kawaguchi2021_curve,390.1564,188.8210,27.9066,0.76349
Kawaguchi2021_curve,390.2190,188.7780,27.9500,0.76443
Kawaguchi2021_curve,390.2829,188.7368,27.9943,0.76534
Kawaguchi2021_curve,390.3474,188.6964,28.0392,0.76622
Kawaguchi2021_curve,390.4119,188.6559,28.0840,0.76711
Kawaguchi2021_curve,390.4756,188.6142,28.1284,0.76803
Kawaguchi2021_curve,390.5378,188.5705,28.1719,0.76899
Kawaguchi2021_curve,390.5978,188.5238,28.2138,0.77001
Kawaguchi2021_curve,390.6550,188.4731,28.2539,0.77112
Kawaguchi2021_curve,390.7087,188.4175,28.2915,0.77234
Kawaguchi2021_curve,390.7580,188.3560,28.3261,0.77369
Kawaguchi2021_curve,390.9180,188.2759,28.4387,0.77545
Kawaguchi2021_curve,390.9970,188.1950,28.4945,0.77722
Kawaguchi2021_curve,391.1570,188.1160,28.6078,0.77896
Kawaguchi2021_curve,391.2380,188.0370,28.6653,0.78069
Kawaguchi2021_curve,391.3110,188.0053,28.7173,0.78138
Kawaguchi2021_curve,391.3813,187.9700,28.7674,0.78216
Kawaguchi2021_curve,391.4493,187.9318,28.8159,0.78300
Kawaguchi2021_curve,391.5156,187.8912,28.8634,0.78389
Kawaguchi2021_curve,391.5806,187.8489,28.9099,0.78482
Kawaguchi2021_curve,391.6446,187.8055,28.9558,0.78577
Kawaguchi2021_curve,391.7083,187.7616,29.0016,0.78673
Kawaguchi2021_curve,391.7721,187.7178,29.0476,0.78769
Kawaguchi2021_curve,391.8364,187.6748,29.0939,0.78863
Kawaguchi2021_curve,391.9017,187.6330,29.1411,0.78955
Kawaguchi2021_curve,391.9684,187.5932,29.1893,0.79042
Kawaguchi2021_curve,392.0370,187.5560,29.2390,0.79124
Kawaguchi2021_curve,392.1970,187.4750,29.3553,0.79302
Kawaguchi2021_curve,392.2770,187.3960,29.4136,0.79475
Kawaguchi2021_curve,392.3684,187.3560,29.4803,0.79563
Kawaguchi2021_curve,392.4514,187.3160,29.5410,0.79650
Kawaguchi2021_curve,392.5277,187.2760,29.5970,0.79738
Kawaguchi2021_curve,392.5987,187.2360,29.6492,0.79826
Kawaguchi2021_curve,392.6659,187.1960,29.6986,0.79914
Kawaguchi2021_curve,392.7308,187.1560,29.7465,0.80001
Kawaguchi2021_curve,392.7949,187.1160,29.7938,0.80089
Kawaguchi2021_curve,392.8597,187.0760,29.8417,0.80177
Kawaguchi2021_curve,392.9267,187.0360,29.8913,0.80265
Kawaguchi2021_curve,392.9974,186.9960,29.9438,0.80352
Kawaguchi2021_curve,393.0734,186.9560,30.0003,0.80440
Kawaguchi2021_curve,393.1560,186.9160,30.0618,0.80528
Kawaguchi2021_curve,393.3170,186.9160,30.1821,0.80528
Kawaguchi2021_curve,393.3960,186.8370,30.2412,0.80701
Kawaguchi2021_curve,393.5560,186.7560,30.3615,0.80879
Kawaguchi2021_curve,393.7170,186.7560,30.4830,0.80879
Kawaguchi2021_curve,393.8760,186.6770,30.6034,0.81052
Kawaguchi2021_curve,394.0370,186.5970,30.7258,0.81228
Kawaguchi2021_curve,394.1970,186.5970,30.8480,0.81228
Kawaguchi2021_curve,394.3570,186.5160,30.9706,0.81405
Kawaguchi2021_curve,394.4244,186.4919,31.0224,0.81458
Kawaguchi2021_curve,394.4981,186.4672,31.0792,0.81512
Kawaguchi2021_curve,394.5769,186.4425,31.1400,0.81567
Kawaguchi2021_curve,394.6597,186.4180,31.2040,0.81620
Kawaguchi2021_curve,394.7451,186.3942,31.2702,0.81673
Kawaguchi2021_curve,394.8320,186.3714,31.3376,0.81723
Kawaguchi2021_curve,394.9192,186.3499,31.4055,0.81770
Kawaguchi2021_curve,395.0054,186.3303,31.4727,0.81813
Kawaguchi2021_curve,395.0894,186.3128,31.5383,0.81851
Kawaguchi2021_curve,395.1700,186.2978,31.6014,0.81884
Kawaguchi2021_curve,395.2459,186.2858,31.6610,0.81910
Kawaguchi2021_curve,395.3160,186.2770,31.7160,0.81930
Kawaguchi2021_curve,395.4760,186.1960,31.8421,0.82107
Kawaguchi2021_curve,395.6370,186.1960,31.9695,0.82107
Kawaguchi2021_curve,395.7960,186.1170,32.0958,0.82281
Kawaguchi2021_curve,396.1150,186.1170,32.3508,0.82281
Kawaguchi2021_curve,396.2760,186.0359,32.4802,0.82459
Kawaguchi2021_curve,396.4350,186.0359,32.6085,0.82459
Kawaguchi2021_curve,396.6750,185.9570,32.8032,0.82632
Kawaguchi2021_curve,396.9950,185.9570,33.0645,0.82632
Kawaguchi2021_curve,397.1550,185.8780,33.1960,0.82805
Kawaguchi2021_curve,397.4186,185.8412,33.4137,0.82886
Kawaguchi2021_curve,397.6845,185.8029,33.6348,0.82970
Kawaguchi2021_curve,397.9521,185.7629,33.8588,0.83057
Kawaguchi2021_curve,398.2211,185.7212,34.0854,0.83149
Kawaguchi2021_curve,398.4908,185.6776,34.3141,0.83245
Kawaguchi2021_curve,398.7606,185.6322,34.5445,0.83344
Kawaguchi2021_curve,399.0302,185.5849,34.7762,0.83448
Kawaguchi2021_curve,399.2989,185.5355,35.0088,0.83556
Kawaguchi2021_curve,399.5663,185.4840,35.2417,0.83669
Kawaguchi2021_curve,399.8318,185.4303,35.4745,0.83787
Kawaguchi2021_curve,400.0949,185.3743,35.7067,0.83910
Kawaguchi2021_curve,400.3550,185.3160,35.9378,0.84038
Kawaguchi2021_curve,400.5150,185.3160,36.0807,0.84038
Kawaguchi2021_curve,400.7550,185.2370,36.2961,0.84211
Kawaguchi2021_curve,400.9140,185.2370,36.4395,0.84211
Kawaguchi2021_curve,401.1540,185.1580,36.6570,0.84384
Kawaguchi2021_curve,401.3140,185.1580,36.8027,0.84384
Kawaguchi2021_curve,401.4125,185.1242,36.8928,0.84458
Kawaguchi2021_curve,401.5126,185.0970,36.9845,0.84518
Kawaguchi2021_curve,401.6140,185.0749,37.0776,0.84567
Kawaguchi2021_curve,401.7162,185.0563,37.1717,0.84607
Kawaguchi2021_curve,401.8189,185.0396,37.2665,0.84644
Kawaguchi2021_curve,401.9215,185.0231,37.3614,0.84680
Kawaguchi2021_curve,402.0237,185.0052,37.4562,0.84720
Kawaguchi2021_curve,402.1251,184.9843,37.5505,0.84765
Kawaguchi2021_curve,402.2253,184.9587,37.6440,0.84822
Kawaguchi2021_curve,402.3237,184.9269,37.7359,0.84891
Kawaguchi2021_curve,402.4201,184.8872,37.8263,0.84978
Kawaguchi2021_curve,402.5140,184.8380,37.9145,0.85086
Kawaguchi2021_curve,402.7540,184.8380,38.1408,0.85086
Kawaguchi2021_curve,402.9140,184.7570,38.2924,0.85264
Kawaguchi2021_curve,403.1530,184.7570,38.5201,0.85264
Kawaguchi2021_curve,403.3130,184.6780,38.6732,0.85437
Kawaguchi2021_curve,403.5530,184.6780,38.9041,0.85437
Kawaguchi2021_curve,403.7130,184.5960,39.0588,0.85617
Kawaguchi2021_curve,403.8730,184.5170,39.2141,0.85790
Kawaguchi2021_curve,404.1130,184.5170,39.4482,0.85790
Kawaguchi2021_curve,404.2720,184.4370,39.6040,0.85966
Kawaguchi2021_curve,404.4330,184.4370,39.7625,0.85966
Kawaguchi2021_curve,404.5930,184.3570,39.9206,0.86141
Kawaguchi2021_curve,404.8142,184.2968,40.1402,0.86273
Kawaguchi2021_curve,405.0356,184.2324,40.3612,0.86415
Kawaguchi2021_curve,405.2572,184.1644,40.5836,0.86564
Kawaguchi2021_curve,405.4787,184.0933,40.8071,0.86720
Kawaguchi2021_curve,405.7000,184.0197,41.0317,0.86881
Kawaguchi2021_curve,405.9210,183.9440,41.2572,0.87047
Kawaguchi2021_curve,406.1415,183.8668,41.4834,0.87217
Kawaguchi2021_curve,406.3613,183.7887,41.7102,0.87388
Kawaguchi2021_curve,406.5803,183.7101,41.9373,0.87560
Kawaguchi2021_curve,406.7984,183.6316,42.1648,0.87733
Kawaguchi2021_curve,407.0153,183.5537,42.3922,0.87904
Kawaguchi2021_curve,407.2310,183.4770,42.6196,0.88072
Kawaguchi2021_curve,407.3910,183.3970,42.7890,0.88247
Kawaguchi2021_curve,407.4720,183.3970,42.8751,0.88247
Kawaguchi2021_curve,407.6320,183.3170,43.0455,0.88423
Kawaguchi2021_curve,407.7920,183.2380,43.2167,0.88596
Kawaguchi2021_curve,407.9510,183.1570,43.3874,0.88774
Kawaguchi2021_curve,408.1110,183.0779,43.5599,0.88947
Kawaguchi2021_curve,408.2710,183.0779,43.7331,0.88947
Kawaguchi2021_curve,408.4310,182.9980,43.9070,0.89123
Kawaguchi2021_curve,408.5920,182.9170,44.0826,0.89300
Kawaguchi2021_curve,408.6710,182.8390,44.1691,0.89471
Kawaguchi2021_curve,408.8310,182.7580,44.3447,0.89649
Kawaguchi2021_curve,408.9910,182.7580,44.5210,0.89649
Kawaguchi2021_curve,409.3110,182.5980,44.8757,0.90000
Kawaguchi2021_curve,409.4720,182.5180,45.0553,0.90175
Kawaguchi2021_curve,409.6320,182.4370,45.2344,0.90353
Kawaguchi2021_curve,409.7910,182.3570,45.4131,0.90529
Kawaguchi2021_curve,409.9500,182.2780,45.5926,0.90702
Kawaguchi2021_curve,410.0626,182.2165,45.7201,0.90837
Kawaguchi2021_curve,410.1520,182.1739,45.8215,0.90930
Kawaguchi2021_curve,410.2234,182.1460,45.9027,0.90992
Kawaguchi2021_curve,410.2818,182.1287,45.9693,0.91029
Kawaguchi2021_curve,410.3326,182.1179,46.0272,0.91053
Kawaguchi2021_curve,410.3810,182.1095,46.0825,0.91072
Kawaguchi2021_curve,410.4321,182.0993,46.1409,0.91094
Kawaguchi2021_curve,410.4912,182.0832,46.2086,0.91129
Kawaguchi2021_curve,410.5634,182.0572,46.2914,0.91186
Kawaguchi2021_curve,410.6540,182.0171,46.3956,0.91274
Kawaguchi2021_curve,410.7681,181.9587,46.5270,0.91402
Kawaguchi2021_curve,410.9110,181.8780,46.6922,0.91579
Kawaguchi2021_curve,411.0710,181.7990,46.8778,0.91753
Kawaguchi2021_curve,411.2300,181.7190,47.0631,0.91928
Kawaguchi2021_curve,411.3900,181.6370,47.2502,0.92108
Kawaguchi2021_curve,411.6371,181.5394,47.5406,0.92322
Kawaguchi2021_curve,411.8826,181.4439,47.8309,0.92532
Kawaguchi2021_curve,412.1270,181.3506,48.1217,0.92736
Kawaguchi2021_curve,412.3707,181.2594,48.4135,0.92936
Kawaguchi2021_curve,412.6142,181.1702,48.7067,0.93132
Kawaguchi2021_curve,412.8580,181.0830,49.0021,0.93323
Kawaguchi2021_curve,413.1024,180.9977,49.3000,0.93510
Kawaguchi2021_curve,413.3479,180.9142,49.6011,0.93694
Kawaguchi2021_curve,413.5950,180.8326,49.9059,0.93873
Kawaguchi2021_curve,413.8441,180.7527,50.2152,0.94048
Kawaguchi2021_curve,414.0956,180.6745,50.5294,0.94219
Kawaguchi2021_curve,414.3500,180.5980,50.8492,0.94387
Kawaguchi2021_curve,414.5090,180.5980,51.0501,0.94387
Kawaguchi2021_curve,414.7500,180.5180,51.3561,0.94563
Kawaguchi2021_curve,414.9100,180.4380,51.5603,0.94738
Kawaguchi2021_curve,415.1490,180.4380,51.8668,0.94738
Kawaguchi2021_curve,415.3890,180.3580,52.1765,0.94914
Kawaguchi2021_curve,415.6300,180.3580,52.4892,0.94914
Kawaguchi2021_curve,415.7880,180.2790,52.6953,0.95087
Kawaguchi2021_curve,416.0290,180.1980,53.0112,0.95265
Kawaguchi2021_curve,416.2690,180.1980,53.3277,0.95265
Kawaguchi2021_curve,416.4290,180.1190,53.5397,0.95438
Kawaguchi2021_curve,416.6680,180.1190,53.8580,0.95438
Kawaguchi2021_curve,416.9090,180.0380,54.1808,0.95616
Kawaguchi2021_curve,417.1480,180.0380,54.5029,0.95616
Kawaguchi2021_curve,417.2617,180.0315,54.6568,0.95630
Kawaguchi2021_curve,417.3744,180.0184,54.8098,0.95659
Kawaguchi2021_curve,417.4864,180.0002,54.9623,0.95699
Kawaguchi2021_curve,417.5979,179.9785,55.1144,0.95746
Kawaguchi2021_curve,417.7093,179.9550,55.2669,0.95798
Kawaguchi2021_curve,417.8209,179.9313,55.4201,0.95850
Kawaguchi2021_curve,417.9328,179.9092,55.5741,0.95898
Kawaguchi2021_curve,418.0454,179.8901,55.7295,0.95940
Kawaguchi2021_curve,418.1590,179.8758,55.8867,0.95971
Kawaguchi2021_curve,418.2737,179.8680,56.0459,0.95989
Kawaguchi2021_curve,418.3900,179.8681,56.2078,0.95988
Kawaguchi2021_curve,418.5080,179.8780,56.3725,0.95967
Kawaguchi2021_curve,418.6670,179.7990,56.5953,0.96140
Kawaguchi2021_curve,418.9090,179.7990,56.9360,0.96140
Kawaguchi2021_curve,419.1480,179.7190,57.2744,0.96315
Kawaguchi2021_curve,419.4182,179.6981,57.6595,0.96361
Kawaguchi2021_curve,419.6903,179.6761,58.0499,0.96410
Kawaguchi2021_curve,419.9640,179.6530,58.4453,0.96460
Kawaguchi2021_curve,420.2388,179.6287,58.8449,0.96514
Kawaguchi2021_curve,420.5143,179.6034,59.2484,0.96569
Kawaguchi2021_curve,420.7901,179.5770,59.6550,0.96627
Kawaguchi2021_curve,421.0658,179.5496,60.0643,0.96687
Kawaguchi2021_curve,421.3409,179.5213,60.4755,0.96749
Kawaguchi2021_curve,421.6150,179.4920,60.8880,0.96813
Kawaguchi2021_curve,421.8877,179.4618,61.3011,0.96880
Kawaguchi2021_curve,422.1585,179.4308,61.7142,0.96948
Kawaguchi2021_curve,422.4270,179.3990,62.1265,0.97017
Kawaguchi2021_curve,422.9860,179.3990,62.9938,0.97017
Kawaguchi2021_curve,423.2260,179.3180,63.3698,0.97195
Kawaguchi2021_curve,424.7069,179.2322,65.7404,0.97383
Kawaguchi2021_curve,426.1865,179.1316,68.1975,0.97604
Kawaguchi2021_curve,427.6651,179.0259,70.7447,0.97836
Kawaguchi2021_curve,429.1429,178.9250,73.3855,0.98057
Kawaguchi2021_curve,430.6203,178.8389,76.1242,0.98246
Kawaguchi2021_curve,432.0978,178.7774,78.9653,0.98381
Kawaguchi2021_curve,433.5755,178.7503,81.9128,0.98440
Kawaguchi2021_curve,435.0538,178.7676,84.9716,0.98402
Kawaguchi2021_curve,436.5331,178.8392,88.1468,0.98245
Kawaguchi2021_curve,438.0136,178.9748,91.4433,0.97948
Kawaguchi2021_curve,439.4958,179.1844,94.8672,0.97488
Kawaguchi2021_curve,440.9800,179.4780,98.4241,0.96844
Kawaguchi2021_curve,441.3000,179.5590,99.2083,0.96666
Kawaguchi2021_curve,441.6200,179.6390,99.9988,0.96491
Kawaguchi2021_curve,441.9390,179.6390,100.7930,0.96491
Kawaguchi2021_curve,442.2600,179.7190,101.5986,0.96315
Kawaguchi2021_curve,442.5000,179.7990,102.2051,0.96140
Kawaguchi2021_curve,443.2970,180.0474,104.2453,0.95595
Kawaguchi2021_curve,444.0786,180.3087,106.2857,0.95022
Kawaguchi2021_curve,444.8474,180.5814,108.3316,0.94424
Kawaguchi2021_curve,445.6061,180.8642,110.3892,0.93803
Kawaguchi2021_curve,446.3571,181.1555,112.4645,0.93164
Kawaguchi2021_curve,447.1030,181.4541,114.5642,0.92509
Kawaguchi2021_curve,447.8464,181.7585,116.6960,0.91842
Kawaguchi2021_curve,448.5899,182.0671,118.8677,0.91165
Kawaguchi2021_curve,449.3361,182.3788,121.0879,0.90481
Kawaguchi2021_curve,450.0874,182.6919,123.3651,0.89794
Kawaguchi2021_curve,450.8466,183.0051,125.7099,0.89107
Kawaguchi2021_curve,451.6160,183.3170,128.1316,0.88423
Kawaguchi2021_curve,451.8570,183.3970,128.8997,0.88247
Kawaguchi2021_curve,452.0150,183.4770,129.4058,0.88072
Kawaguchi2021_curve,452.2560,183.5580,130.1815,0.87894
Kawaguchi2021_curve,452.4738,183.6591,130.8866,0.87672
Kawaguchi2021_curve,452.6926,183.7580,131.5987,0.87455
Kawaguchi2021_curve,452.9122,183.8549,132.3174,0.87243
Kawaguchi2021_curve,453.1324,183.9501,133.0419,0.87034
Kawaguchi2021_curve,453.3531,184.0439,133.7721,0.86828
Kawaguchi2021_curve,453.5740,184.1364,134.5070,0.86625
Kawaguchi2021_curve,453.7950,184.2278,135.2462,0.86425
Kawaguchi2021_curve,454.0159,184.3185,135.9891,0.86226
Kawaguchi2021_curve,454.2366,184.4086,136.7355,0.86028
Kawaguchi2021_curve,454.4568,184.4984,137.4842,0.85831
Kawaguchi2021_curve,454.6763,184.5881,138.2347,0.85634
Kawaguchi2021_curve,454.8950,184.6780,138.9865,0.85437
Kawaguchi2021_curve,455.0550,184.7570,139.5391,0.85264
Kawaguchi2021_curve,455.2150,184.8380,140.0939,0.85086
Kawaguchi2021_curve,455.3750,184.8380,140.6509,0.85086
Kawaguchi2021_curve,455.5350,184.9170,141.2101,0.84913
Kawaguchi2021_curve,455.6950,184.9970,141.7715,0.84737
Kawaguchi2021_curve,455.7740,185.0770,142.0495,0.84562
Kawaguchi2021_curve,455.9350,185.1580,142.6178,0.84384
Kawaguchi2021_curve,456.0950,185.1580,143.1849,0.84384
Kawaguchi2021_curve,456.4150,185.3160,144.3257,0.84038
Kawaguchi2021_curve,456.5740,185.3970,144.8959,0.83860
Kawaguchi2021_curve,456.6574,185.4281,145.1959,0.83792
Kawaguchi2021_curve,456.7357,185.4584,145.4781,0.83725
Kawaguchi2021_curve,456.8098,185.4883,145.7457,0.83660
Kawaguchi2021_curve,456.8808,185.5183,146.0026,0.83594
Kawaguchi2021_curve,456.9497,185.5485,146.2523,0.83528
Kawaguchi2021_curve,457.0174,185.5794,146.4980,0.83460
Kawaguchi2021_curve,457.0849,185.6112,146.7435,0.83390
Kawaguchi2021_curve,457.1532,185.6444,146.9922,0.83317
Kawaguchi2021_curve,457.2233,185.6792,147.2480,0.83241
Kawaguchi2021_curve,457.2961,185.7161,147.5141,0.83160
Kawaguchi2021_curve,457.3727,185.7552,147.7946,0.83074
Kawaguchi2021_curve,457.4540,185.7970,148.0929,0.82983
Kawaguchi2021_curve,457.5340,185.8780,148.3870,0.82805
Kawaguchi2021_curve,457.6940,185.8780,148.9769,0.82805
Kawaguchi2021_curve,458.0140,186.0359,150.1639,0.82459
Kawaguchi2021_curve,458.1730,186.1170,150.7572,0.82281
Kawaguchi2021_curve,458.3340,186.1960,151.3604,0.82107
Kawaguchi2021_curve,458.4140,186.2770,151.6610,0.81930
Kawaguchi2021_curve,458.5730,186.3560,152.2602,0.81756
Kawaguchi2021_curve,458.7330,186.3560,152.8655,0.81756
Kawaguchi2021_curve,458.8940,186.4370,153.4771,0.81579
Kawaguchi2021_curve,459.0540,186.5160,154.0873,0.81405
Kawaguchi2021_curve,459.1340,186.5970,154.3933,0.81228
Kawaguchi2021_curve,459.2930,186.6770,155.0033,0.81052
Kawaguchi2021_curve,459.4530,186.7560,155.6196,0.80879
Kawaguchi2021_curve,459.6130,186.8370,156.2383,0.80701
Kawaguchi2021_curve,459.7730,186.9160,156.8595,0.80528
Kawaguchi2021_curve,459.9340,186.9160,157.4871,0.80528
Kawaguchi2021_curve,460.0930,186.9970,158.1093,0.80350
Kawaguchi2021_curve,460.1730,187.0760,158.4233,0.80177
Kawaguchi2021_curve,460.3330,187.1570,159.0532,0.79999
Kawaguchi2021_curve,460.4930,187.2360,159.6855,0.79826
Kawaguchi2021_curve,460.6530,187.3170,160.3204,0.79648
Kawaguchi2021_curve,460.8130,187.3960,160.9578,0.79475
Kawaguchi2021_curve,460.9740,187.4750,161.6018,0.79302
Kawaguchi2021_curve,461.1340,187.5560,162.2443,0.79124
Kawaguchi2021_curve,461.2920,187.5560,162.8813,0.79124
Kawaguchi2021_curve,461.3706,187.6051,163.1991,0.79016
Kawaguchi2021_curve,461.4452,187.6506,163.5013,0.78916
Kawaguchi2021_curve,461.5166,187.6933,163.7911,0.78823
Kawaguchi2021_curve,461.5857,187.7336,164.0720,0.78734
Kawaguchi2021_curve,461.6536,187.7721,164.3485,0.78650
Kawaguchi2021_curve,461.7211,187.8092,164.6239,0.78569
Kawaguchi2021_curve,461.7893,187.8457,164.9025,0.78489
Kawaguchi2021_curve,461.8590,187.8821,165.1878,0.78409
Kawaguchi2021_curve,461.9312,187.9188,165.4839,0.78328
Kawaguchi2021_curve,462.0068,187.9565,165.7944,0.78245
Kawaguchi2021_curve,462.0867,187.9957,166.1233,0.78159
Kawaguchi2021_curve,462.1720,188.0370,166.4751,0.78069
Kawaguchi2021_curve,462.4920,188.1950,167.8015,0.77722
Kawaguchi2021_curve,462.6037,188.2567,168.2670,0.77587
Kawaguchi2021_curve,462.6925,188.2995,168.6379,0.77493
Kawaguchi2021_curve,462.7637,188.3275,168.9360,0.77432
Kawaguchi2021_curve,462.8222,188.3450,169.1812,0.77393
Kawaguchi2021_curve,462.8734,188.3558,169.3962,0.77370
Kawaguchi2021_curve,462.9221,188.3644,169.6009,0.77351
Kawaguchi2021_curve,462.9737,188.3746,169.8181,0.77328
Kawaguchi2021_curve,463.0331,188.3907,170.0684,0.77293
Kawaguchi2021_curve,463.1056,188.4168,170.3745,0.77236
Kawaguchi2021_curve,463.1961,188.4569,170.7573,0.77148
Kawaguchi2021_curve,463.3099,188.5153,171.2399,0.77020
Kawaguchi2021_curve,463.4520,188.5960,171.8444,0.76843
Kawaguchi2021_curve,463.6120,188.6760,172.5276,0.76667
Kawaguchi2021_curve,463.7710,188.7570,173.2093,0.76489
Kawaguchi2021_curve,463.9320,188.8360,173.9023,0.76316
Kawaguchi2021_curve,464.0920,188.9160,174.5937,0.76141
Kawaguchi2021_curve,464.6448,189.1556,177.0037,0.75615
Kawaguchi2021_curve,465.1998,189.3931,179.4568,0.75094
Kawaguchi2021_curve,465.7569,189.6287,181.9534,0.74577
Kawaguchi2021_curve,466.3157,189.8628,184.4925,0.74064
Kawaguchi2021_curve,466.8759,190.0957,187.0736,0.73553
Kawaguchi2021_curve,467.4371,190.3276,189.6954,0.73044
Kawaguchi2021_curve,467.9991,190.5589,192.3578,0.72537
Kawaguchi2021_curve,468.5616,190.7898,195.0600,0.72030
Kawaguchi2021_curve,469.1243,191.0207,197.8011,0.71524
Kawaguchi2021_curve,469.6868,191.2519,200.5798,0.71017
Kawaguchi2021_curve,470.2488,191.4835,203.3949,0.70509
Kawaguchi2021_curve,470.8100,191.7160,206.2455,0.69999
Kawaguchi2021_curve,471.0500,191.7950,207.4767,0.69825
Kawaguchi2021_curve,471.2890,191.8750,208.7101,0.69650
Kawaguchi2021_curve,471.5290,192.0350,209.9561,0.69299
Kawaguchi2021_curve,471.7700,192.1150,211.2147,0.69123
Kawaguchi2021_curve,472.0090,192.1950,212.4703,0.68948
Kawaguchi2021_curve,472.0090,192.1960,212.4703,0.68946
Kawaguchi2021_curve,472.2490,192.2740,213.7387,0.68774
Kawaguchi2021_curve,472.4890,192.4350,215.0147,0.68421
Kawaguchi2021_curve,474.8418,193.3664,227.9339,0.66378
Kawaguchi2021_curve,477.1974,194.2673,241.6461,0.64402
Kawaguchi2021_curve,479.5567,195.1398,256.2067,0.62488
Kawaguchi2021_curve,481.9207,195.9858,271.6764,0.60632
Kawaguchi2021_curve,484.2904,196.8071,288.1208,0.58831
Kawaguchi2021_curve,486.6668,197.6059,305.6114,0.57078
Kawaguchi2021_curve,489.0507,198.3839,324.2241,0.55372
Kawaguchi2021_curve,491.4433,199.1432,344.0446,0.53706
Kawaguchi2021_curve,493.8454,199.8857,365.1628,0.52077
Kawaguchi2021_curve,496.2581,200.6134,387.6791,0.50481
Kawaguchi2021_curve,498.6823,201.3282,411.7012,0.48913
Kawaguchi2021_curve,501.1190,202.0320,437.3474,0.47369
Kawaguchi2021_curve,501.5180,202.1130,441.6965,0.47191
Kawaguchi2021_curve,501.9190,202.2710,446.1110,0.46845
Kawaguchi2021_curve,502.3180,202.3520,450.5472,0.46667
Kawaguchi2021_curve,503.6380,202.7241,465.5403,0.45851
Kawaguchi2021_curve,504.9620,203.0907,481.0801,0.45047
Kawaguchi2021_curve,506.2896,203.4520,497.1830,0.44254
Kawaguchi2021_curve,507.6202,203.8082,513.8631,0.43473
Kawaguchi2021_curve,508.9534,204.1598,531.1371,0.42702
Kawaguchi2021_curve,510.2885,204.5069,549.0176,0.41940
Kawaguchi2021_curve,511.6252,204.8497,567.5226,0.41188
Kawaguchi2021_curve,512.9628,205.1887,586.6644,0.40445
Kawaguchi2021_curve,514.3009,205.5241,606.4594,0.39709
Kawaguchi2021_curve,515.6390,205.8560,626.9222,0.38981
Kawaguchi2021_curve,516.9765,206.1849,648.0659,0.38259
Kawaguchi2021_curve,518.3130,206.5110,669.9061,0.37544
Kawaguchi2021_curve,518.7130,206.5910,676.5846,0.37368
Kawaguchi2021_curve,519.1120,206.7500,683.3127,0.37020
Kawaguchi2021_curve,520.2298,207.0027,702.5201,0.36465
Kawaguchi2021_curve,521.3504,207.2557,722.3175,0.35910
Kawaguchi2021_curve,522.4729,207.5089,742.7078,0.35355
Kawaguchi2021_curve,523.5968,207.7624,763.7002,0.34799
Kawaguchi2021_curve,524.7211,208.0160,785.2937,0.34242
Kawaguchi2021_curve,525.8454,208.2696,807.4978,0.33686
Kawaguchi2021_curve,526.9688,208.5233,830.3112,0.33130
Kawaguchi2021_curve,528.0906,208.7770,853.7352,0.32573
Kawaguchi2021_curve,529.2102,209.0305,877.7722,0.32017
Kawaguchi2021_curve,530.3267,209.2839,902.4165,0.31461
Kawaguchi2021_curve,531.4396,209.5371,927.6700,0.30906
Kawaguchi2021_curve,532.5480,209.7900,953.5237,0.30351
Kawaguchi2021_curve,532.7080,209.7900,957.3148,0.30351
Kawaguchi2021_curve,532.8680,209.8700,961.1209,0.30175
Kawaguchi2021_curve,534.5471,210.1890,1001.9884,0.29476
Winters1966_N_points,381.6805,184.2370,22.6161,0.86405
Winters1966_N_points,389.1185,169.9210,27.1975,1.17809
Winters1966_N_points,396.8750,164.8025,32.9663,1.29037
Winters1966_N_points,402.5545,163.6830,37.9526,1.31492
Winters1966_N_points,412.4695,162.0830,48.5322,1.35002
Winters1966_N_points,420.4665,160.4035,59.1782,1.38686
Winters1966_N_points,426.5450,163.1230,68.8066,1.32721
Winters1966_N_points,434.7015,157.9245,84.2324,1.44124
Winters1966_N_points,441.0995,158.1640,98.7162,1.43599
Winters1966_N_points,446.2975,162.2430,112.2984,1.34651
Winters1966_N_points,451.4160,163.6830,127.4976,1.31492
Winters1966_N_points,457.0140,165.6825,146.4857,1.27106
Winters1966_N_points,463.3320,167.8415,171.3338,1.22370
Winters1966_N_points,469.0105,169.2815,197.2437,1.19211
Winters1966_N_points,477.9665,173.9200,246.2994,1.09036
Winters1966_N_points,485.4040,177.5990,296.1888,1.00966
Cosby_diamonds_calibration,356.1295,223.1450,12.0011,0.01055
Cosby_diamonds_calibration,362.3680,221.7860,14.0092,0.04036
Cosby_diamonds_calibration,367.7260,214.5090,16.0001,0.19999
Cosby_diamonds_calibration,372.4440,207.2300,17.9861,0.35967
Cosby_diamonds_calibration,376.6830,199.9525,19.9799,0.51931
Cosby_diamonds_calibration,385.7200,183.9570,24.9992,0.87019
Cosby_diamonds_calibration,393.0760,176.2000,30.0022,1.04035
Cosby_diamonds_calibration,404.6730,171.2410,39.9998,1.14913
Cosby_diamonds_calibration,413.7100,167.5620,50.0485,1.22983
Cosby_diamonds_calibration,420.9870,167.5620,59.9470,1.22983
Cosby_diamonds_calibration,432.5830,168.9215,79.9212,1.20001
Cosby_diamonds_calibration,441.6200,170.7600,99.9988,1.15968
Cosby_diamonds_calibration,450.6560,173.4795,125.1171,1.10003
Cosby_diamonds_calibration,457.9335,176.2000,149.8644,1.04035
Cosby_diamonds_calibration,464.1720,178.5180,174.9404,0.98950
Cosby_diamonds_calibration,469.5290,180.3580,199.7963,0.94914
Cosby_errorbar_top,372.4440,198.9930,17.9861,0.54036
Cosby_errorbar_bottom,372.4440,215.3880,17.9861,0.18071
Cosby_errorbar_top,376.6840,190.8350,19.9804,0.71931
Cosby_errorbar_bottom,376.6840,209.0700,19.9804,0.31930
Cosby_errorbar_top,385.7190,176.2000,24.9986,1.04035
Cosby_errorbar_bottom,385.7190,191.7160,24.9986,0.69999
Cosby_errorbar_top,393.0770,166.2029,30.0029,1.25965
Cosby_errorbar_bottom,393.0770,186.2770,30.0029,0.81930
Cosby_errorbar_top,404.6720,159.3240,39.9988,1.41054
Cosby_errorbar_bottom,404.6720,183.0779,39.9988,0.88947
Cosby_errorbar_top,413.7100,157.9660,50.0485,1.44033
Cosby_errorbar_bottom,413.7100,177.1590,50.0485,1.01931
Cosby_errorbar_top,420.9870,156.6050,59.9470,1.47019
Cosby_errorbar_bottom,420.9870,178.5190,59.9470,0.98948
Cosby_errorbar_top,432.5830,155.2460,79.9212,1.50000
Cosby_errorbar_bottom,432.5830,182.5980,79.9212,0.90000
Cosby_errorbar_top,441.6200,157.0850,99.9988,1.45966
Cosby_errorbar_bottom,441.6200,184.4370,99.9988,0.85966
Cosby_errorbar_top,450.6570,163.4830,125.1202,1.31931
Cosby_errorbar_bottom,450.6570,183.4770,125.1202,0.88072
Cosby_errorbar_top,457.9350,168.0430,149.8700,1.21928
Cosby_errorbar_bottom,457.9350,184.4370,149.8700,0.85966
