alt_km,f107,rho,fO,fN2,fO2,T
1.50000000e+02,7.00000000e+01,1.58234570e-09,2.16370761e-01,6.78793084e-01,1.04836154e-01,6.06599182e+02
1.52000000e+02,7.00000000e+01,1.41668088e-09,2.24686962e-01,6.73171451e-01,1.02141587e-01,6.16227112e+02
1.54000000e+02,7.00000000e+01,1.27219746e-09,2.33026552e-01,6.67441148e-01,9.95322993e-02,6.25281189e+02
1.56000000e+02,7.00000000e+01,1.14563825e-09,2.41396040e-01,6.61601294e-01,9.70026663e-02,6.33797180e+02
1.58000000e+02,7.00000000e+01,1.03433495e-09,2.49799525e-01,6.55652714e-01,9.45477612e-02,6.41808716e+02
1.60000000e+02,7.00000000e+01,9.36084987e-10,2.58240796e-01,6.49596047e-01,9.21631570e-02,6.49347229e+02
1.62000000e+02,7.00000000e+01,8.49058601e-10,2.66723041e-01,6.43432173e-01,8.98447857e-02,6.56442078e+02
1.64000000e+02,7.00000000e+01,7.71727127e-10,2.75247860e-01,6.37163095e-01,8.75890455e-02,6.63120789e+02
1.66000000e+02,7.00000000e+01,7.02805369e-10,2.83817065e-01,6.30790555e-01,8.53923807e-02,6.69409058e+02
1.68000000e+02,7.00000000e+01,6.41207532e-10,2.92430661e-01,6.24317466e-01,8.32518729e-02,6.75330688e+02
1.70000000e+02,7.00000000e+01,5.86012294e-10,3.01089327e-01,6.17745985e-01,8.11646882e-02,6.80908508e+02
1.72000000e+02,7.00000000e+01,5.36432843e-10,3.09792038e-01,6.11079671e-01,7.91282912e-02,6.86163025e+02
1.74000000e+02,7.00000000e+01,4.91796215e-10,3.18538129e-01,6.04321555e-01,7.71403164e-02,6.91114319e+02
1.76000000e+02,7.00000000e+01,4.51522153e-10,3.27325997e-01,5.97475431e-01,7.51985717e-02,6.95780884e+02
1.78000000e+02,7.00000000e+01,4.15111057e-10,3.36154067e-01,5.90544780e-01,7.33011524e-02,7.00179504e+02
1.80000000e+02,7.00000000e+01,3.82129023e-10,3.45019955e-01,5.83533799e-01,7.14462464e-02,7.04326843e+02
1.82000000e+02,7.00000000e+01,3.52199186e-10,3.53921213e-01,5.76446664e-01,6.96321226e-02,7.08237732e+02
1.84000000e+02,7.00000000e+01,3.24992311e-10,3.62854887e-01,5.69287738e-01,6.78573754e-02,7.11926392e+02
1.86000000e+02,7.00000000e+01,3.00220709e-10,3.71818043e-01,5.62061361e-01,6.61205959e-02,7.15406311e+02
1.88000000e+02,7.00000000e+01,2.77631779e-10,3.80807534e-01,5.54772004e-01,6.44204621e-02,7.18689758e+02
1.90000000e+02,7.00000000e+01,2.57002836e-10,3.89819353e-01,5.47424619e-01,6.27560283e-02,7.21788513e+02
1.92000000e+02,7.00000000e+01,2.38137787e-10,3.98850263e-01,5.40023691e-01,6.11260462e-02,7.24713379e+02
1.94000000e+02,7.00000000e+01,2.20862856e-10,4.07896036e-01,5.32574284e-01,5.95296809e-02,7.27474670e+02
1.96000000e+02,7.00000000e+01,2.05024123e-10,4.16952969e-01,5.25080953e-01,5.79660777e-02,7.30082153e+02
1.98000000e+02,7.00000000e+01,1.90484836e-10,4.26016669e-01,5.17548889e-01,5.64344412e-02,7.32544800e+02
2.00000000e+02,7.00000000e+01,1.77122872e-10,4.35082820e-01,5.09983173e-01,5.49340061e-02,7.34870789e+02
2.02000000e+02,7.00000000e+01,1.64829247e-10,4.44147408e-01,5.02388331e-01,5.34642607e-02,7.37068481e+02
2.04000000e+02,7.00000000e+01,1.53506832e-10,4.53205709e-01,4.94769820e-01,5.20244717e-02,7.39145325e+02
2.06000000e+02,7.00000000e+01,1.43068196e-10,4.62253395e-01,4.87132435e-01,5.06141701e-02,7.41108093e+02
2.08000000e+02,7.00000000e+01,1.33435069e-10,4.71285844e-01,4.79481269e-01,4.92328865e-02,7.42963440e+02
2.10000000e+02,7.00000000e+01,1.24536964e-10,4.80298818e-01,4.71821039e-01,4.78801426e-02,7.44717773e+02
2.12000000e+02,7.00000000e+01,1.16310350e-10,4.89287539e-01,4.64156992e-01,4.65554692e-02,7.46376648e+02
2.14000000e+02,7.00000000e+01,1.08697974e-10,4.98247616e-01,4.56493841e-01,4.52585433e-02,7.47945618e+02
2.16000000e+02,7.00000000e+01,1.01648072e-10,5.07174489e-01,4.48836569e-01,4.39889413e-02,7.49429749e+02
2.18000000e+02,7.00000000e+01,9.51138057e-11,5.16063780e-01,4.41189876e-01,4.27463432e-02,7.50833984e+02
2.20000000e+02,7.00000000e+01,8.90527652e-11,5.24911032e-01,4.33558583e-01,4.15303847e-02,7.52162903e+02
2.22000000e+02,7.00000000e+01,8.34263561e-11,5.33712229e-01,4.25946966e-01,4.03408049e-02,7.53420410e+02
2.24000000e+02,7.00000000e+01,7.81995510e-11,5.42462690e-01,4.18360033e-01,3.91772775e-02,7.54610962e+02
2.26000000e+02,7.00000000e+01,7.33405350e-11,5.51158578e-01,4.10801947e-01,3.80394752e-02,7.55738220e+02
2.28000000e+02,7.00000000e+01,6.88202967e-11,5.59795549e-01,4.03277289e-01,3.69271615e-02,7.56805542e+02
2.30000000e+02,7.00000000e+01,6.46124126e-11,5.68370003e-01,3.95790034e-01,3.58399632e-02,7.57816406e+02
2.32000000e+02,7.00000000e+01,6.06927078e-11,5.76877979e-01,3.88344329e-01,3.47776919e-02,7.58773926e+02
2.34000000e+02,7.00000000e+01,5.70391165e-11,5.85315471e-01,3.80944504e-01,3.37400247e-02,7.59681152e+02
2.36000000e+02,7.00000000e+01,5.36314639e-11,5.93679353e-01,3.73593984e-01,3.27266626e-02,7.60540833e+02
2.38000000e+02,7.00000000e+01,5.04512820e-11,6.01965969e-01,3.66296710e-01,3.17373216e-02,7.61355469e+02
2.40000000e+02,7.00000000e+01,4.74816193e-11,6.10172110e-01,3.59056162e-01,3.07717278e-02,7.62127502e+02
2.42000000e+02,7.00000000e+01,4.47069569e-11,6.18294521e-01,3.51875893e-01,2.98295864e-02,7.62859680e+02
2.44000000e+02,7.00000000e+01,4.21130179e-11,6.26330486e-01,3.44758893e-01,2.89106209e-02,7.63553772e+02
2.46000000e+02,7.00000000e+01,3.96867018e-11,6.34276531e-01,3.37708977e-01,2.80144912e-02,7.64211914e+02
2.48000000e+02,7.00000000e+01,3.74159558e-11,6.42130721e-01,3.30728383e-01,2.71408956e-02,7.64836243e+02
2.50000000e+02,7.00000000e+01,3.52896774e-11,6.49890160e-01,3.23820275e-01,2.62895650e-02,7.65428406e+02
2.52000000e+02,7.00000000e+01,3.32976598e-11,6.57552626e-01,3.16987220e-01,2.54601540e-02,7.65990173e+02
2.54000000e+02,7.00000000e+01,3.14304797e-11,6.65116012e-01,3.10231638e-01,2.46523502e-02,7.66523315e+02
2.56000000e+02,7.00000000e+01,2.96794499e-11,6.72578056e-01,3.03556128e-01,2.38658155e-02,7.67029236e+02
2.58000000e+02,7.00000000e+01,2.80365713e-11,6.79937181e-01,2.96962602e-01,2.31002165e-02,7.67509460e+02
2.60000000e+02,7.00000000e+01,2.64944126e-11,6.87191685e-01,2.90453078e-01,2.23552373e-02,7.67965332e+02
2.62000000e+02,7.00000000e+01,2.50461128e-11,6.94339505e-01,2.84029954e-01,2.16305413e-02,7.68398071e+02
2.64000000e+02,7.00000000e+01,2.36853818e-11,7.01380108e-01,2.77694130e-01,2.09257618e-02,7.68809204e+02
2.66000000e+02,7.00000000e+01,2.24063164e-11,7.08311846e-01,2.71447598e-01,2.02405559e-02,7.69199280e+02
2.68000000e+02,7.00000000e+01,2.12035025e-11,7.15133730e-01,2.65291685e-01,1.95745846e-02,7.69570190e+02
2.70000000e+02,7.00000000e+01,2.00719164e-11,7.21844871e-01,2.59227662e-01,1.89274671e-02,7.69922302e+02
2.72000000e+02,7.00000000e+01,1.90069037e-11,7.28444458e-01,2.53256682e-01,1.82988594e-02,7.70256836e+02
2.74000000e+02,7.00000000e+01,1.80040947e-11,7.34932111e-01,2.47379476e-01,1.76884122e-02,7.70574890e+02
2.76000000e+02,7.00000000e+01,1.70595014e-11,7.41307234e-01,2.41597025e-01,1.70957405e-02,7.70877014e+02
2.78000000e+02,7.00000000e+01,1.61693905e-11,7.47569552e-01,2.35909947e-01,1.65205003e-02,7.71164368e+02
2.80000000e+02,7.00000000e+01,1.53302943e-11,7.53718768e-01,2.30318912e-01,1.59623197e-02,7.71437317e+02
2.82000000e+02,7.00000000e+01,1.45389759e-11,7.59755028e-01,2.24824159e-01,1.54208130e-02,7.71696899e+02
2.84000000e+02,7.00000000e+01,1.37924385e-11,7.65678151e-01,2.19426199e-01,1.48956507e-02,7.71943726e+02
2.86000000e+02,7.00000000e+01,1.30879014e-11,7.71488668e-01,2.14124894e-01,1.43864381e-02,7.72178589e+02
2.88000000e+02,7.00000000e+01,1.24227443e-11,7.77186619e-01,2.08920556e-01,1.38928249e-02,7.72401794e+02
2.90000000e+02,7.00000000e+01,1.17945540e-11,7.82772435e-01,2.03813119e-01,1.34144461e-02,7.72614197e+02
2.92000000e+02,7.00000000e+01,1.12010626e-11,7.88246773e-01,1.98802284e-01,1.29509435e-02,7.72816101e+02
2.94000000e+02,7.00000000e+01,1.06401702e-11,7.93609977e-01,1.93888062e-01,1.25019613e-02,7.73008362e+02
2.96000000e+02,7.00000000e+01,1.01099103e-11,7.98863030e-01,1.89069851e-01,1.20671185e-02,7.73191345e+02
2.98000000e+02,7.00000000e+01,9.60843211e-12,8.04006738e-01,1.84347171e-01,1.16460900e-02,7.73365417e+02
3.00000000e+02,7.00000000e+01,9.13403294e-12,8.09041595e-01,1.79719880e-01,1.12385255e-02,7.73531067e+02
1.50000000e+02,1.00000000e+02,1.65394209e-09,2.37182376e-01,6.73879537e-01,8.89380872e-02,6.49567871e+02
1.52000000e+02,1.00000000e+02,1.48731016e-09,2.45516959e-01,6.68167782e-01,8.63152590e-02,6.61701172e+02
1.54000000e+02,1.00000000e+02,1.34178746e-09,2.53817124e-01,6.62377051e-01,8.38058253e-02,6.73212708e+02
1.56000000e+02,1.00000000e+02,1.21411525e-09,2.62090482e-01,6.56507298e-01,8.14022202e-02,6.84135864e+02
1.58000000e+02,1.00000000e+02,1.10162701e-09,2.70342878e-01,6.50559473e-01,7.90976497e-02,6.94502136e+02
1.60000000e+02,1.00000000e+02,1.00212616e-09,2.78579671e-01,6.44534495e-01,7.68858344e-02,7.04341125e+02
1.62000000e+02,1.00000000e+02,9.13790488e-10,2.86804982e-01,6.38434121e-01,7.47608972e-02,7.13680969e+02
1.64000000e+02,1.00000000e+02,8.35098213e-10,2.95022347e-01,6.32260173e-01,7.27174799e-02,7.22548035e+02
1.66000000e+02,1.00000000e+02,7.64772412e-10,3.03234120e-01,6.26015235e-01,7.07506451e-02,7.30967285e+02
1.68000000e+02,1.00000000e+02,7.01736613e-10,3.11442629e-01,6.19701857e-01,6.88555133e-02,7.38962708e+02
1.70000000e+02,1.00000000e+02,6.45075660e-10,3.19649271e-01,6.13322804e-01,6.70279257e-02,7.46556091e+02
1.72000000e+02,1.00000000e+02,5.94010785e-10,3.27855458e-01,6.06880807e-01,6.52637359e-02,7.53768982e+02
1.74000000e+02,1.00000000e+02,5.47874912e-10,3.36061351e-01,6.00379458e-01,6.35591912e-02,7.60621155e+02
1.76000000e+02,1.00000000e+02,5.06095277e-10,3.44267060e-01,5.93822206e-01,6.19107338e-02,7.67131531e+02
1.78000000e+02,1.00000000e+02,4.68176664e-10,3.52472653e-01,5.87212240e-01,6.03151076e-02,7.73317932e+02
1.80000000e+02,1.00000000e+02,4.33690861e-10,3.60677781e-01,5.80552948e-01,5.87692707e-02,7.79197327e+02
1.82000000e+02,1.00000000e+02,4.02264833e-10,3.68881559e-01,5.73848029e-01,5.72704126e-02,7.84785522e+02
1.84000000e+02,1.00000000e+02,3.73574061e-10,3.77082901e-01,5.67101197e-01,5.58159015e-02,7.90097534e+02
1.86000000e+02,1.00000000e+02,3.47333967e-10,3.85280615e-01,5.60316106e-01,5.44032784e-02,7.95147888e+02
1.88000000e+02,1.00000000e+02,3.23294974e-10,3.93473458e-01,5.53496149e-01,5.30303923e-02,7.99949890e+02
1.90000000e+02,1.00000000e+02,3.01237507e-10,4.01659545e-01,5.46645322e-01,5.16951328e-02,8.04516479e+02
1.92000000e+02,1.00000000e+02,2.80967388e-10,4.09837360e-01,5.39767025e-01,5.03956144e-02,8.08859497e+02
1.94000000e+02,1.00000000e+02,2.62313088e-10,4.18005453e-01,5.32864416e-01,4.91301313e-02,8.12990784e+02
1.96000000e+02,1.00000000e+02,2.45122284e-10,4.26161226e-01,5.25941729e-01,4.78970443e-02,8.16920715e+02
1.98000000e+02,1.00000000e+02,2.29259264e-10,4.34302628e-01,5.19002482e-01,4.66948897e-02,8.20659790e+02
2.00000000e+02,1.00000000e+02,2.14603418e-10,4.42427782e-01,5.12049795e-01,4.55224235e-02,8.24217712e+02
2.02000000e+02,1.00000000e+02,2.01046693e-10,4.50534533e-01,5.05087229e-01,4.43782377e-02,8.27603699e+02
2.04000000e+02,1.00000000e+02,1.88492319e-10,4.58620281e-01,4.98118363e-01,4.32613555e-02,8.30826477e+02
2.06000000e+02,1.00000000e+02,1.76853601e-10,4.66682476e-01,4.91146885e-01,4.21706386e-02,8.33894043e+02
2.08000000e+02,1.00000000e+02,1.66052408e-10,4.74719129e-01,4.84175630e-01,4.11052410e-02,8.36814514e+02
2.10000000e+02,1.00000000e+02,1.56018601e-10,4.82727596e-01,4.77208209e-01,4.00641945e-02,8.39595154e+02
2.12000000e+02,1.00000000e+02,1.46688592e-10,4.90705225e-01,4.70247980e-01,3.90467950e-02,8.42242859e+02
2.14000000e+02,1.00000000e+02,1.38005121e-10,4.98650025e-01,4.63297711e-01,3.80522642e-02,8.44764587e+02
2.16000000e+02,1.00000000e+02,1.29916120e-10,5.06559106e-01,4.56360897e-01,3.70799967e-02,8.47166382e+02
2.18000000e+02,1.00000000e+02,1.22374597e-10,5.14430051e-01,4.49440719e-01,3.61292302e-02,8.49454163e+02
2.20000000e+02,1.00000000e+02,1.15337691e-10,5.22260749e-01,4.42539722e-01,3.51995291e-02,8.51633850e+02
2.22000000e+02,1.00000000e+02,1.08766364e-10,5.30047947e-01,4.35661747e-01,3.42903059e-02,8.53710510e+02
2.24000000e+02,1.00000000e+02,1.02625249e-10,5.37789949e-01,4.28808992e-01,3.34010594e-02,8.55689453e+02
2.26000000e+02,1.00000000e+02,9.68818775e-11,5.45483907e-01,4.21984718e-01,3.25313754e-02,8.57575378e+02
2.28000000e+02,1.00000000e+02,9.15066564e-11,5.53127885e-01,4.15191330e-01,3.16807853e-02,8.59373047e+02
2.30000000e+02,1.00000000e+02,8.64726207e-11,5.60719255e-01,4.08431827e-01,3.08489184e-02,8.61086548e+02
2.32000000e+02,1.00000000e+02,8.17548737e-11,5.68256185e-01,4.01708434e-01,3.00353812e-02,8.62720215e+02
2.34000000e+02,1.00000000e+02,7.73307182e-11,5.75735936e-01,3.95024260e-01,2.92398042e-02,8.64277710e+02
2.36000000e+02,1.00000000e+02,7.31793307e-11,5.83156470e-01,3.88381653e-01,2.84618767e-02,8.65763062e+02
2.38000000e+02,1.00000000e+02,6.92814833e-11,5.90516016e-01,3.81782742e-01,2.77012417e-02,8.67179504e+02
2.40000000e+02,1.00000000e+02,6.56195723e-11,5.97812690e-01,3.75229722e-01,2.69575883e-02,8.68530457e+02
2.42000000e+02,1.00000000e+02,6.21773050e-11,6.05043795e-01,3.68725565e-01,2.62306399e-02,8.69818970e+02
2.44000000e+02,1.00000000e+02,5.89397420e-11,6.12208187e-01,3.62271689e-01,2.55201247e-02,8.71048523e+02
2.46000000e+02,1.00000000e+02,5.58930228e-11,6.19303782e-01,3.55870472e-01,2.48257460e-02,8.72221375e+02
2.48000000e+02,1.00000000e+02,5.30244217e-11,6.26328889e-01,3.49523889e-01,2.41472222e-02,8.73340698e+02
2.50000000e+02,1.00000000e+02,5.03221249e-11,6.33282032e-01,3.43233667e-01,2.34843014e-02,8.74408813e+02
2.52000000e+02,1.00000000e+02,4.77752247e-11,6.40161477e-01,3.37001794e-01,2.28367299e-02,8.75428101e+02
2.54000000e+02,1.00000000e+02,4.53736111e-11,6.46966050e-01,3.30829720e-01,2.22042300e-02,8.76401184e+02
2.56000000e+02,1.00000000e+02,4.31079304e-11,6.53694064e-01,3.24719363e-01,2.15865739e-02,8.77330017e+02
2.58000000e+02,1.00000000e+02,4.09694743e-11,6.60344357e-01,3.18672116e-01,2.09835262e-02,8.78216858e+02
2.60000000e+02,1.00000000e+02,3.89502007e-11,6.66915883e-01,3.12689276e-01,2.03948411e-02,8.79063477e+02
2.62000000e+02,1.00000000e+02,3.70426398e-11,6.73407410e-01,3.06772330e-01,1.98202603e-02,8.79872131e+02
2.64000000e+02,1.00000000e+02,3.52398041e-11,6.79817839e-01,3.00922625e-01,1.92595361e-02,8.80644348e+02
2.66000000e+02,1.00000000e+02,3.35352406e-11,6.86146386e-01,2.95141135e-01,1.87124788e-02,8.81381897e+02
2.68000000e+02,1.00000000e+02,3.19229261e-11,6.92392223e-01,2.89428961e-01,1.81788160e-02,8.82086365e+02
2.70000000e+02,1.00000000e+02,3.03972472e-11,6.98554611e-01,2.83787073e-01,1.76583164e-02,8.82759399e+02
2.72000000e+02,1.00000000e+02,2.89529841e-11,7.04632464e-01,2.78216775e-01,1.71507612e-02,8.83402405e+02
2.74000000e+02,1.00000000e+02,2.75852795e-11,7.10626041e-01,2.72718053e-01,1.66559057e-02,8.84016663e+02
2.76000000e+02,1.00000000e+02,2.62895452e-11,7.16534146e-01,2.67292311e-01,1.61735431e-02,8.84603943e+02
2.78000000e+02,1.00000000e+02,2.50615761e-11,7.22356376e-01,2.61940199e-01,1.57034252e-02,8.85165100e+02
2.80000000e+02,1.00000000e+02,2.38973945e-11,7.28092770e-01,2.56661889e-01,1.52453414e-02,8.85701294e+02
2.82000000e+02,1.00000000e+02,2.27932916e-11,7.33742981e-01,2.51457985e-01,1.47990340e-02,8.86213989e+02
2.84000000e+02,1.00000000e+02,2.17458083e-11,7.39306487e-01,2.46329201e-01,1.43643121e-02,8.86704102e+02
2.86000000e+02,1.00000000e+02,2.07516868e-11,7.44783418e-01,2.41275633e-01,1.39409490e-02,8.87172668e+02
2.88000000e+02,1.00000000e+02,1.98079296e-11,7.50173973e-01,2.36297342e-01,1.35286845e-02,8.87620728e+02
2.90000000e+02,1.00000000e+02,1.89116587e-11,7.55477756e-01,2.31394905e-01,1.31273388e-02,8.88049133e+02
2.92000000e+02,1.00000000e+02,1.80602252e-11,7.60695180e-01,2.26568151e-01,1.27366687e-02,8.88458923e+02
2.94000000e+02,1.00000000e+02,1.72511224e-11,7.65825913e-01,2.21817609e-01,1.23564775e-02,8.88850769e+02
2.96000000e+02,1.00000000e+02,1.64820206e-11,7.70870903e-01,2.17142584e-01,1.19865131e-02,8.89225586e+02
2.98000000e+02,1.00000000e+02,1.57507219e-11,7.75829871e-01,2.12543549e-01,1.16265807e-02,8.89584106e+02
3.00000000e+02,1.00000000e+02,1.50551481e-11,7.80703284e-01,2.08020245e-01,1.12764711e-02,8.89927185e+02
1.50000000e+02,1.50000000e+02,1.78548987e-09,2.70904159e-01,6.62993527e-01,6.61023132e-02,7.13786560e+02
1.52000000e+02,1.50000000e+02,1.61581304e-09,2.79245567e-01,6.57076980e-01,6.36774526e-02,7.29241638e+02
1.54000000e+02,1.50000000e+02,1.46722157e-09,2.87480381e-01,6.51124790e-01,6.13948294e-02,7.43994934e+02
1.56000000e+02,1.50000000e+02,1.33645972e-09,2.95619583e-01,6.45136324e-01,5.92440926e-02,7.58079529e+02
1.58000000e+02,1.50000000e+02,1.22087307e-09,3.03672624e-01,6.39111997e-01,5.72153788e-02,7.71527222e+02
1.60000000e+02,1.50000000e+02,1.11827281e-09,3.11647464e-01,6.33052646e-01,5.52998896e-02,7.84367798e+02
1.62000000e+02,1.50000000e+02,1.02684639e-09,3.19551393e-01,6.26959139e-01,5.34894680e-02,7.96630005e+02
1.64000000e+02,1.50000000e+02,9.45081569e-10,3.27390494e-01,6.20832976e-01,5.17765304e-02,8.08340942e+02
1.66000000e+02,1.50000000e+02,8.71710426e-10,3.35169964e-01,6.14676077e-01,5.01539582e-02,8.19526489e+02
1.68000000e+02,1.50000000e+02,8.05662981e-10,3.42894330e-01,6.08490413e-01,4.86152563e-02,8.30211304e+02
1.70000000e+02,1.50000000e+02,7.46030515e-10,3.50567621e-01,6.02278066e-01,4.71543130e-02,8.40418518e+02
1.72000000e+02,1.50000000e+02,6.92039426e-10,3.58193078e-01,5.96041391e-01,4.57655313e-02,8.50170715e+02
1.74000000e+02,1.50000000e+02,6.43028353e-10,3.65773388e-01,5.89783038e-01,4.44435732e-02,8.59488586e+02
1.76000000e+02,1.50000000e+02,5.98426753e-10,3.73311210e-01,5.83505189e-01,4.31836016e-02,8.68392761e+02
1.78000000e+02,1.50000000e+02,5.57742741e-10,3.80808184e-01,5.77210677e-01,4.19811388e-02,8.76902222e+02
1.80000000e+02,1.50000000e+02,5.20550825e-10,3.88265851e-01,5.70902202e-01,4.08319470e-02,8.85035095e+02
1.82000000e+02,1.50000000e+02,4.86479523e-10,3.95685819e-01,5.64581993e-01,3.97321881e-02,8.92809082e+02
1.84000000e+02,1.50000000e+02,4.55205013e-10,4.03069071e-01,5.58252610e-01,3.86783193e-02,9.00240417e+02
1.86000000e+02,1.50000000e+02,4.26444741e-10,4.10416683e-01,5.51916320e-01,3.76669968e-02,9.07345032e+02
1.88000000e+02,1.50000000e+02,3.99948435e-10,4.17728730e-01,5.45575949e-01,3.66953210e-02,9.14138000e+02
1.90000000e+02,1.50000000e+02,3.75497328e-10,4.25005767e-01,5.39233818e-01,3.57604148e-02,9.20633118e+02
1.92000000e+02,1.50000000e+02,3.52896989e-10,4.32248196e-01,5.32892015e-01,3.48597888e-02,9.26844421e+02
1.94000000e+02,1.50000000e+02,3.31975614e-10,4.39455758e-01,5.26553139e-01,3.39911031e-02,9.32784729e+02
1.96000000e+02,1.50000000e+02,3.12580573e-10,4.46628783e-01,5.20218986e-01,3.31522305e-02,9.38466675e+02
1.98000000e+02,1.50000000e+02,2.94575309e-10,4.53766702e-01,5.13892058e-01,3.23412403e-02,9.43901550e+02
2.00000000e+02,1.50000000e+02,2.77838502e-10,4.60869498e-01,5.07574158e-01,3.15563438e-02,9.49100647e+02
2.02000000e+02,1.50000000e+02,2.62261074e-10,4.67936265e-01,5.01267810e-01,3.07959245e-02,9.54074829e+02
2.04000000e+02,1.50000000e+02,2.47745463e-10,4.74967190e-01,4.94974327e-01,3.00584830e-02,9.58834167e+02
2.06000000e+02,1.50000000e+02,2.34204017e-10,4.81961155e-01,4.88696137e-01,2.93427086e-02,9.63388306e+02
2.08000000e+02,1.50000000e+02,2.21557189e-10,4.88917852e-01,4.82434805e-01,2.86473425e-02,9.67746582e+02
2.10000000e+02,1.50000000e+02,2.09733758e-10,4.95836510e-01,4.76192193e-01,2.79712971e-02,9.71917664e+02
2.12000000e+02,1.50000000e+02,1.98669151e-10,5.02716266e-01,4.69970179e-01,2.73135552e-02,9.75910095e+02
2.14000000e+02,1.50000000e+02,1.88304566e-10,5.09556277e-01,4.63770574e-01,2.66731494e-02,9.79731628e+02
2.16000000e+02,1.50000000e+02,1.78586840e-10,5.16355712e-01,4.57595010e-01,2.60492778e-02,9.83390137e+02
2.18000000e+02,1.50000000e+02,1.69467620e-10,5.23114160e-01,4.51444720e-01,2.54411206e-02,9.86892883e+02
2.20000000e+02,1.50000000e+02,1.60902819e-10,5.29829882e-01,4.45322115e-01,2.48480032e-02,9.90246521e+02
2.22000000e+02,1.50000000e+02,1.52852189e-10,5.36502791e-01,4.39227927e-01,2.42692826e-02,9.93457947e+02
2.24000000e+02,1.50000000e+02,1.45278900e-10,5.43131502e-01,4.33164137e-01,2.37043602e-02,9.96533508e+02
2.26000000e+02,1.50000000e+02,1.38149339e-10,5.49715429e-01,4.27131868e-01,2.31527023e-02,9.99478882e+02
2.28000000e+02,1.50000000e+02,1.31432601e-10,5.56253693e-01,4.21132514e-01,2.26137931e-02,1.00229993e+03
2.30000000e+02,1.50000000e+02,1.25100402e-10,5.62744961e-01,4.15167842e-01,2.20871964e-02,1.00500238e+03
2.32000000e+02,1.50000000e+02,1.19126695e-10,5.69188238e-01,4.09239263e-01,2.15724982e-02,1.00759125e+03
2.34000000e+02,1.50000000e+02,1.13487476e-10,5.75583324e-01,4.03347365e-01,2.10693108e-02,1.01007141e+03
2.36000000e+02,1.50000000e+02,1.08160758e-10,5.81928873e-01,3.97493877e-01,2.05772496e-02,1.01244788e+03
2.38000000e+02,1.50000000e+02,1.03126153e-10,5.88223701e-01,3.91680284e-01,2.00960148e-02,1.01472498e+03
2.40000000e+02,1.50000000e+02,9.83648718e-11,5.94467528e-01,3.85907201e-01,1.96252717e-02,1.01690723e+03
2.42000000e+02,1.50000000e+02,9.38594064e-11,6.00659335e-01,3.80175919e-01,1.91647461e-02,1.01899860e+03
2.44000000e+02,1.50000000e+02,8.95937768e-11,6.06797966e-01,3.74487850e-01,1.87141840e-02,1.02100305e+03
2.46000000e+02,1.50000000e+02,8.55529883e-11,6.12883018e-01,3.68843680e-01,1.82733028e-02,1.02292450e+03
2.48000000e+02,1.50000000e+02,8.17232740e-11,6.18913442e-01,3.63244653e-01,1.78419059e-02,1.02476636e+03
2.50000000e+02,1.50000000e+02,7.80917414e-11,6.24888863e-01,3.57691376e-01,1.74197609e-02,1.02653223e+03
2.52000000e+02,1.50000000e+02,7.46465112e-11,6.30808266e-01,3.52185103e-01,1.70066311e-02,1.02822522e+03
2.54000000e+02,1.50000000e+02,7.13764672e-11,6.36671102e-01,3.46726580e-01,1.66023177e-02,1.02984851e+03
2.56000000e+02,1.50000000e+02,6.82712220e-11,6.42476531e-01,3.41316799e-01,1.62066700e-02,1.03140527e+03
2.58000000e+02,1.50000000e+02,6.53212137e-11,6.48224107e-01,3.35956423e-01,1.58194699e-02,1.03289819e+03
2.60000000e+02,1.50000000e+02,6.25174565e-11,6.53913134e-01,3.30646309e-01,1.54405574e-02,1.03432996e+03
2.62000000e+02,1.50000000e+02,5.98515820e-11,6.59543265e-01,3.25386958e-01,1.50697778e-02,1.03570337e+03
2.64000000e+02,1.50000000e+02,5.73157563e-11,6.65113914e-01,3.20179133e-01,1.47069532e-02,1.03702075e+03
2.66000000e+02,1.50000000e+02,5.49026588e-11,6.70624633e-01,3.15023434e-01,1.43519328e-02,1.03828455e+03
2.68000000e+02,1.50000000e+02,5.26054582e-11,6.76074783e-01,3.09920644e-01,1.40045730e-02,1.03949695e+03
2.70000000e+02,1.50000000e+02,5.04177568e-11,6.81464437e-01,3.04870834e-01,1.36647292e-02,1.04066028e+03
2.72000000e+02,1.50000000e+02,4.83335871e-11,6.86792409e-01,2.99875330e-01,1.33322610e-02,1.04177661e+03
2.74000000e+02,1.50000000e+02,4.63473079e-11,6.92059104e-01,2.94933849e-01,1.30070476e-02,1.04284778e+03
2.76000000e+02,1.50000000e+02,4.44536317e-11,6.97264060e-01,2.90047027e-01,1.26889133e-02,1.04387585e+03
2.78000000e+02,1.50000000e+02,4.26476875e-11,7.02406855e-01,2.85215388e-01,1.23777572e-02,1.04486243e+03
2.80000000e+02,1.50000000e+02,4.09247670e-11,7.07487485e-01,2.80439062e-01,1.20734536e-02,1.04580945e+03
2.82000000e+02,1.50000000e+02,3.92805198e-11,7.12505537e-01,2.75718591e-01,1.17758719e-02,1.04671851e+03
2.84000000e+02,1.50000000e+02,3.77108865e-11,7.17461143e-01,2.71053974e-01,1.14848832e-02,1.04759119e+03
2.86000000e+02,1.50000000e+02,3.62120021e-11,7.22354047e-01,2.66445577e-01,1.12003767e-02,1.04842908e+03
2.88000000e+02,1.50000000e+02,3.47802030e-11,7.27184287e-01,2.61893483e-01,1.09222302e-02,1.04923364e+03
2.90000000e+02,1.50000000e+02,3.34121168e-11,7.31951562e-01,2.57398113e-01,1.06503246e-02,1.05000598e+03
2.92000000e+02,1.50000000e+02,3.21044927e-11,7.36655842e-01,2.52959601e-01,1.03845569e-02,1.05074756e+03
2.94000000e+02,1.50000000e+02,3.08543330e-11,7.41297547e-01,2.48577657e-01,1.01247959e-02,1.05146008e+03
2.96000000e+02,1.50000000e+02,2.96587373e-11,7.45876430e-01,2.44252623e-01,9.87094666e-03,1.05214417e+03
2.98000000e+02,1.50000000e+02,2.85150185e-11,7.50392669e-01,2.39984444e-01,9.62288769e-03,1.05280139e+03
3.00000000e+02,1.50000000e+02,2.74206682e-11,7.54846459e-01,2.35773027e-01,9.38051426e-03,1.05343237e+03
1.50000000e+02,1.90000000e+02,1.89950655e-09,2.95606398e-01,6.53169250e-01,5.12243524e-02,7.61277161e+02
1.52000000e+02,1.90000000e+02,1.72665138e-09,3.03878675e-01,6.47098874e-01,4.90224514e-02,7.78898743e+02
1.54000000e+02,1.90000000e+02,1.57492752e-09,3.12002061e-01,6.41025062e-01,4.69728763e-02,7.95745239e+02
1.56000000e+02,1.90000000e+02,1.44108458e-09,3.19990614e-01,6.34946372e-01,4.50630140e-02,8.11852173e+02
1.58000000e+02,1.90000000e+02,1.32246802e-09,3.27857310e-01,6.28861230e-01,4.32814598e-02,8.27253418e+02
1.60000000e+02,1.90000000e+02,1.21689436e-09,3.35612525e-01,6.22769522e-01,4.16179529e-02,8.41981079e+02
1.62000000e+02,1.90000000e+02,1.12255516e-09,3.43265078e-01,6.16672046e-01,4.00628753e-02,8.56065979e+02
1.64000000e+02,1.90000000e+02,1.03794107e-09,3.50824317e-01,6.10568131e-01,3.86075526e-02,8.69537292e+02
1.66000000e+02,1.90000000e+02,9.61786872e-10,3.58296931e-01,6.04459192e-01,3.72438766e-02,8.82422974e+02
1.68000000e+02,1.90000000e+02,8.93024377e-10,3.65688855e-01,5.98346596e-01,3.59645495e-02,8.94749573e+02
1.70000000e+02,1.90000000e+02,8.30746583e-10,3.73006454e-01,5.92230832e-01,3.47627140e-02,9.06542297e+02
1.72000000e+02,1.90000000e+02,7.74180553e-10,3.80254130e-01,5.86113763e-01,3.36321068e-02,9.17825256e+02
1.74000000e+02,1.90000000e+02,7.22664484e-10,3.87436047e-01,5.79997017e-01,3.25669354e-02,9.28621521e+02
1.76000000e+02,1.90000000e+02,6.75628331e-10,3.94556276e-01,5.73881843e-01,3.15618806e-02,9.38953003e+02
1.78000000e+02,1.90000000e+02,6.32579877e-10,4.01617932e-01,5.67769969e-01,3.06120996e-02,9.48840393e+02
1.80000000e+02,1.90000000e+02,5.93091798e-10,4.08623496e-01,5.61663389e-01,2.97131157e-02,9.58303833e+02
1.82000000e+02,1.90000000e+02,5.56792834e-10,4.15575905e-01,5.55563340e-01,2.88607546e-02,9.67362427e+02
1.84000000e+02,1.90000000e+02,5.23357524e-10,4.22476485e-01,5.49472186e-01,2.80513288e-02,9.76033691e+02
1.86000000e+02,1.90000000e+02,4.92501540e-10,4.29328402e-01,5.43390285e-01,2.72813126e-02,9.84335388e+02
1.88000000e+02,1.90000000e+02,4.63973832e-10,4.36131871e-01,5.37320489e-01,2.65476403e-02,9.92283630e+02
1.90000000e+02,1.90000000e+02,4.37554160e-10,4.42889061e-01,5.31263558e-01,2.58473807e-02,9.99894470e+02
1.92000000e+02,1.90000000e+02,4.13045848e-10,4.49600924e-01,5.25221148e-01,2.51779284e-02,1.00718262e+03
1.94000000e+02,1.90000000e+02,3.90276089e-10,4.56268133e-01,5.19194940e-01,2.45369277e-02,1.01416229e+03
1.96000000e+02,1.90000000e+02,3.69090342e-10,4.62891963e-01,5.13185854e-01,2.39221828e-02,1.02084717e+03
1.98000000e+02,1.90000000e+02,3.49350576e-10,4.69472274e-01,5.07196009e-01,2.33317168e-02,1.02725037e+03
2.00000000e+02,1.90000000e+02,3.30933808e-10,4.76010131e-01,5.01226093e-01,2.27637752e-02,1.03338428e+03
2.02000000e+02,1.90000000e+02,3.13729570e-10,4.82505904e-01,4.95277413e-01,2.22166832e-02,1.03926062e+03
2.04000000e+02,1.90000000e+02,2.97638775e-10,4.88959613e-01,4.89351410e-01,2.16889765e-02,1.04489075e+03
2.06000000e+02,1.90000000e+02,2.82571605e-10,4.95371583e-01,4.83449071e-01,2.11793455e-02,1.05028528e+03
2.08000000e+02,1.90000000e+02,2.68447625e-10,5.01741681e-01,4.77571773e-01,2.06865455e-02,1.05545471e+03
2.10000000e+02,1.90000000e+02,2.55193838e-10,5.08070297e-01,4.71720227e-01,2.02094754e-02,1.06040845e+03
2.12000000e+02,1.90000000e+02,2.42744519e-10,5.14356928e-01,4.65895969e-01,1.97471031e-02,1.06515649e+03
2.14000000e+02,1.90000000e+02,2.31039091e-10,5.20601687e-01,4.60099736e-01,1.92985768e-02,1.06970728e+03
2.16000000e+02,1.90000000e+02,2.20023236e-10,5.26804572e-01,4.54332377e-01,1.88630508e-02,1.07406958e+03
2.18000000e+02,1.90000000e+02,2.09647036e-10,5.32965076e-01,4.48595159e-01,1.84397643e-02,1.07825171e+03
2.20000000e+02,1.90000000e+02,1.99865166e-10,5.39082582e-01,4.42889350e-01,1.80280683e-02,1.08226086e+03
2.22000000e+02,1.90000000e+02,1.90636187e-10,5.45157398e-01,4.37215313e-01,1.76272886e-02,1.08610486e+03
2.24000000e+02,1.90000000e+02,1.81922033e-10,5.51188931e-01,4.31574147e-01,1.72369225e-02,1.08979102e+03
2.26000000e+02,1.90000000e+02,1.73687745e-10,5.57176951e-01,4.25966611e-01,1.68564384e-02,1.09332581e+03
2.28000000e+02,1.90000000e+02,1.65901418e-10,5.63121227e-01,4.20393433e-01,1.64853399e-02,1.09671582e+03
2.30000000e+02,1.90000000e+02,1.58533478e-10,5.69020775e-01,4.14855982e-01,1.61232435e-02,1.09996716e+03
2.32000000e+02,1.90000000e+02,1.51556864e-10,5.74875771e-01,4.09354488e-01,1.57697405e-02,1.10308582e+03
2.34000000e+02,1.90000000e+02,1.44946596e-10,5.80685800e-01,4.03889718e-01,1.54244819e-02,1.10607739e+03
2.36000000e+02,1.90000000e+02,1.38679360e-10,5.86449918e-01,3.98462963e-01,1.50871196e-02,1.10894739e+03
2.38000000e+02,1.90000000e+02,1.32734060e-10,5.92168272e-01,3.93074341e-01,1.47573868e-02,1.11170093e+03
2.40000000e+02,1.90000000e+02,1.27090602e-10,5.97839861e-01,3.87725126e-01,1.44350132e-02,1.11434302e+03
2.42000000e+02,1.90000000e+02,1.21731000e-10,6.03464741e-01,3.82415543e-01,1.41197161e-02,1.11687817e+03
2.44000000e+02,1.90000000e+02,1.16638005e-10,6.09042613e-01,3.77146128e-01,1.38112594e-02,1.11931104e+03
2.46000000e+02,1.90000000e+02,1.11795947e-10,6.14572589e-01,3.71917956e-01,1.35094545e-02,1.12164575e+03
2.48000000e+02,1.90000000e+02,1.07190069e-10,6.20054723e-01,3.66731195e-01,1.32140820e-02,1.12388672e+03
2.50000000e+02,1.90000000e+02,1.02806701e-10,6.25488287e-01,3.61586751e-01,1.29249619e-02,1.12603784e+03
2.52000000e+02,1.90000000e+02,9.86332266e-11,6.30873313e-01,3.56484782e-01,1.26419050e-02,1.12810266e+03
2.54000000e+02,1.90000000e+02,9.46577192e-11,6.36208957e-01,3.51426279e-01,1.23647640e-02,1.13008484e+03
2.56000000e+02,1.90000000e+02,9.08690831e-11,6.41495223e-01,3.46411399e-01,1.20933785e-02,1.13198792e+03
2.58000000e+02,1.90000000e+02,8.72569586e-11,6.46731695e-01,3.41440697e-01,1.18276082e-02,1.13381519e+03
2.60000000e+02,1.90000000e+02,8.38116729e-11,6.51917838e-01,3.36514841e-01,1.15673211e-02,1.13556982e+03
2.62000000e+02,1.90000000e+02,8.05241984e-11,6.57053624e-01,3.31633981e-01,1.13123951e-02,1.13725464e+03
2.64000000e+02,1.90000000e+02,7.73860559e-11,6.62138650e-01,3.26798651e-01,1.10626985e-02,1.13887292e+03
2.66000000e+02,1.90000000e+02,7.43893488e-11,6.67172910e-01,3.22008990e-01,1.08180998e-02,1.14042700e+03
2.68000000e+02,1.90000000e+02,7.15266180e-11,6.72155634e-01,3.17265848e-01,1.05785182e-02,1.14191980e+03
2.70000000e+02,1.90000000e+02,6.87908272e-11,6.77087265e-01,3.12568897e-01,1.03438371e-02,1.14335376e+03
2.72000000e+02,1.90000000e+02,6.61754401e-11,6.81967046e-01,3.07918998e-01,1.01139563e-02,1.14473132e+03
2.74000000e+02,1.90000000e+02,6.36743505e-11,6.86795265e-01,3.03315960e-01,9.88877557e-03,1.14605457e+03
2.76000000e+02,1.90000000e+02,6.12816811e-11,6.91571486e-01,2.98760320e-01,9.66819345e-03,1.14732617e+03
2.78000000e+02,1.90000000e+02,5.89919988e-11,6.96295464e-01,2.94252386e-01,9.45214944e-03,1.14854773e+03
2.80000000e+02,1.90000000e+02,5.68002104e-11,7.00967156e-01,2.89792318e-01,9.24052571e-03,1.14972192e+03
2.82000000e+02,1.90000000e+02,5.47014413e-11,7.05586959e-01,2.85379798e-01,9.03324209e-03,1.15085010e+03
2.84000000e+02,1.90000000e+02,5.26911327e-11,7.10154123e-01,2.81015639e-01,8.83023758e-03,1.15193433e+03
2.86000000e+02,1.90000000e+02,5.07650068e-11,7.14668931e-01,2.76699648e-01,8.63142107e-03,1.15297656e+03
2.88000000e+02,1.90000000e+02,4.89189418e-11,7.19131490e-01,2.72431807e-01,8.43670280e-03,1.15397827e+03
2.90000000e+02,1.90000000e+02,4.71492012e-11,7.23541398e-01,2.68212579e-01,8.24602257e-03,1.15494116e+03
2.92000000e+02,1.90000000e+02,4.54520831e-11,7.27899095e-01,2.64041602e-01,8.05930327e-03,1.15586682e+03
2.94000000e+02,1.90000000e+02,4.38241735e-11,7.32204115e-01,2.59919407e-01,7.87647753e-03,1.15675671e+03
2.96000000e+02,1.90000000e+02,4.22622805e-11,7.36457147e-01,2.55845396e-01,7.69745650e-03,1.15761243e+03
2.98000000e+02,1.90000000e+02,4.07633025e-11,7.40657786e-01,2.51820028e-01,7.52218573e-03,1.15843518e+03
3.00000000e+02,1.90000000e+02,3.93243459e-11,7.44806186e-01,2.47843217e-01,7.35059721e-03,1.15922632e+03
1.50000000e+02,2.30000000e+02,2.01913175e-09,3.17322152e-01,6.43516649e-01,3.91611987e-02,8.06015991e+02
1.52000000e+02,2.30000000e+02,1.84275417e-09,3.25457915e-01,6.37325421e-01,3.72166649e-02,8.25443970e+02
1.54000000e+02,2.30000000e+02,1.68759107e-09,3.33415104e-01,6.31159778e-01,3.54251179e-02,8.44014099e+02
1.56000000e+02,2.30000000e+02,1.55038982e-09,3.41210489e-01,6.25016939e-01,3.37725719e-02,8.61766052e+02
1.58000000e+02,2.30000000e+02,1.42849454e-09,3.48859179e-01,6.18894196e-01,3.22466257e-02,8.78737427e+02
1.60000000e+02,2.30000000e+02,1.31972622e-09,3.56374433e-01,6.12789730e-01,3.08358375e-02,8.94964233e+02
1.62000000e+02,2.30000000e+02,1.22227650e-09,3.63767628e-01,6.06702346e-01,2.95300268e-02,9.10480164e+02
1.64000000e+02,2.30000000e+02,1.13463627e-09,3.71048910e-01,6.00631187e-01,2.83199031e-02,9.25318176e+02
1.66000000e+02,2.30000000e+02,1.05554088e-09,3.78227068e-01,5.94575989e-01,2.71969434e-02,9.39508911e+02
1.68000000e+02,2.30000000e+02,9.83922166e-10,3.85310110e-01,5.88536469e-01,2.61534211e-02,9.53082031e+02
1.70000000e+02,2.30000000e+02,9.18872922e-10,3.92305256e-01,5.82512391e-01,2.51823522e-02,9.66065491e+02
1.72000000e+02,2.30000000e+02,8.59618876e-10,3.99217226e-01,5.76505480e-01,2.42772940e-02,9.78486145e+02
1.74000000e+02,2.30000000e+02,8.05496836e-10,4.06052722e-01,5.70514882e-01,2.34323962e-02,9.90369324e+02
1.76000000e+02,2.30000000e+02,7.55935703e-10,4.12815877e-01,5.64541788e-01,2.26423356e-02,1.00173944e+03
1.78000000e+02,2.30000000e+02,7.10441150e-10,4.19510622e-01,5.58587130e-01,2.19022478e-02,1.01261969e+03
1.80000000e+02,2.30000000e+02,6.68584799e-10,4.26140730e-01,5.52651509e-01,2.12077618e-02,1.02303210e+03
1.82000000e+02,2.30000000e+02,6.29992447e-10,4.32709733e-01,5.46735455e-01,2.05548124e-02,1.03299744e+03
1.84000000e+02,2.30000000e+02,5.94336913e-10,4.39220349e-01,5.40839871e-01,1.99397799e-02,1.04253613e+03
1.86000000e+02,2.30000000e+02,5.61331759e-10,4.45674879e-01,5.34965766e-01,1.93593550e-02,1.05166699e+03
1.88000000e+02,2.30000000e+02,5.30723798e-10,4.52075366e-01,5.29114111e-01,1.88105226e-02,1.06040833e+03
1.90000000e+02,2.30000000e+02,5.02290320e-10,4.58423838e-01,5.23285598e-01,1.82905641e-02,1.06877747e+03
1.92000000e+02,2.30000000e+02,4.75833484e-10,4.64722123e-01,5.17480865e-01,1.77970120e-02,1.07679089e+03
1.94000000e+02,2.30000000e+02,4.51177401e-10,4.70971860e-01,5.11700487e-01,1.73276522e-02,1.08446472e+03
1.96000000e+02,2.30000000e+02,4.28166336e-10,4.77173671e-01,5.05945898e-01,1.68804303e-02,1.09181360e+03
1.98000000e+02,2.30000000e+02,4.06659734e-10,4.83329020e-01,5.00217433e-01,1.64535473e-02,1.09885217e+03
2.00000000e+02,2.30000000e+02,3.86532861e-10,4.89438896e-01,4.94515760e-01,1.60453438e-02,1.10559399e+03
2.02000000e+02,2.30000000e+02,3.67673475e-10,4.95503977e-01,4.88841708e-01,1.56543152e-02,1.11205212e+03
2.04000000e+02,2.30000000e+02,3.49980350e-10,5.01525128e-01,4.83195738e-01,1.52791348e-02,1.11823914e+03
2.06000000e+02,2.30000000e+02,3.33362227e-10,5.07502610e-01,4.77578850e-01,1.49185398e-02,1.12416687e+03
2.08000000e+02,2.30000000e+02,3.17736892e-10,5.13437048e-01,4.71991466e-01,1.45714865e-02,1.12984680e+03
2.10000000e+02,2.30000000e+02,3.03029574e-10,5.19328775e-01,4.66434285e-01,1.42369404e-02,1.13528943e+03
2.12000000e+02,2.30000000e+02,2.89172852e-10,5.25177938e-01,4.60908060e-01,1.39140019e-02,1.14050549e+03
2.14000000e+02,2.30000000e+02,2.76104750e-10,5.30985079e-01,4.55413026e-01,1.36018949e-02,1.14550452e+03
2.16000000e+02,2.30000000e+02,2.63769478e-10,5.36750089e-01,4.49950064e-01,1.32998474e-02,1.15029614e+03
2.18000000e+02,2.30000000e+02,2.52115551e-10,5.42473216e-01,4.44519569e-01,1.30072149e-02,1.15488928e+03
2.20000000e+02,2.30000000e+02,2.41096448e-10,5.48154353e-01,4.39122245e-01,1.27234021e-02,1.15929260e+03
2.22000000e+02,2.30000000e+02,2.30668928e-10,5.53793834e-01,4.33758319e-01,1.24478475e-02,1.16351428e+03
2.24000000e+02,2.30000000e+02,2.20794147e-10,5.59391328e-01,4.28428609e-01,1.21800631e-02,1.16756189e+03
2.26000000e+02,2.30000000e+02,2.11435439e-10,5.64946751e-01,4.23133638e-01,1.19196107e-02,1.17144348e+03
2.28000000e+02,2.30000000e+02,2.02559872e-10,5.70460176e-01,4.17873740e-01,1.16660842e-02,1.17516565e+03
2.30000000e+02,2.30000000e+02,1.94136776e-10,5.75931320e-01,4.12649571e-01,1.14191092e-02,1.17873547e+03
2.32000000e+02,2.30000000e+02,1.86137758e-10,5.81360435e-01,4.07461191e-01,1.11783734e-02,1.18215930e+03
2.34000000e+02,2.30000000e+02,1.78536852e-10,5.86747086e-01,4.02309377e-01,1.09435365e-02,1.18544360e+03
2.36000000e+02,2.30000000e+02,1.71309716e-10,5.92090765e-01,3.97194874e-01,1.07143611e-02,1.18859412e+03
2.38000000e+02,2.30000000e+02,1.64434036e-10,5.97392013e-01,3.92117424e-01,1.04905627e-02,1.19161694e+03
2.40000000e+02,2.30000000e+02,1.57889132e-10,6.02649816e-01,3.87078244e-01,1.02719391e-02,1.19451672e+03
2.42000000e+02,2.30000000e+02,1.51655716e-10,6.07864780e-01,3.82076980e-01,1.00582403e-02,1.19729944e+03
2.44000000e+02,2.30000000e+02,1.45715690e-10,6.13036554e-01,3.77114138e-01,9.84930810e-03,1.19996960e+03
2.46000000e+02,2.30000000e+02,1.40052553e-10,6.18164509e-01,3.72190533e-01,9.64495769e-03,1.20253210e+03
2.48000000e+02,2.30000000e+02,1.34650610e-10,6.23248659e-01,3.67306327e-01,9.44501358e-03,1.20499133e+03
2.50000000e+02,2.30000000e+02,1.29495498e-10,6.28288885e-01,3.62461779e-01,9.24933631e-03,1.20735193e+03
2.52000000e+02,2.30000000e+02,1.24573712e-10,6.33285162e-01,3.57657063e-01,9.05777471e-03,1.20961792e+03
2.54000000e+02,2.30000000e+02,1.19872515e-10,6.38237175e-01,3.52892611e-01,8.87021429e-03,1.21179309e+03
2.56000000e+02,2.30000000e+02,1.15380108e-10,6.43144345e-01,3.48169139e-01,8.68651671e-03,1.21388147e+03
2.58000000e+02,2.30000000e+02,1.11085550e-10,6.48007042e-01,3.43486374e-01,8.50658397e-03,1.21588647e+03
2.60000000e+02,2.30000000e+02,1.06978280e-10,6.52824725e-01,3.38844958e-01,8.33031758e-03,1.21781165e+03
2.62000000e+02,2.30000000e+02,1.03048792e-10,6.57597612e-01,3.34244790e-01,8.15759782e-03,1.21966028e+03
2.64000000e+02,2.30000000e+02,9.92878349e-11,6.62325011e-01,3.29686639e-01,7.98834948e-03,1.22143567e+03
2.66000000e+02,2.30000000e+02,9.56869028e-11,6.67007440e-01,3.25170081e-01,7.82247901e-03,1.22314075e+03
2.68000000e+02,2.30000000e+02,9.22379326e-11,6.71644299e-01,3.20695784e-01,7.65991659e-03,1.22477844e+03
2.70000000e+02,2.30000000e+02,8.89333052e-11,6.76235473e-01,3.16263959e-01,7.50056800e-03,1.22635168e+03
2.72000000e+02,2.30000000e+02,8.57660609e-11,6.80781462e-01,3.11874161e-01,7.34437712e-03,1.22786267e+03
2.74000000e+02,2.30000000e+02,8.27293373e-11,6.85281346e-01,3.07527397e-01,7.19125736e-03,1.22931458e+03
2.76000000e+02,2.30000000e+02,7.98168892e-11,6.89735623e-01,3.03223226e-01,7.04115090e-03,1.23070935e+03
2.78000000e+02,2.30000000e+02,7.70227770e-11,6.94144156e-01,2.98961844e-01,6.89400018e-03,1.23204956e+03
2.80000000e+02,2.30000000e+02,7.43413248e-11,6.98506604e-01,2.94743658e-01,6.74973770e-03,1.23333752e+03
2.82000000e+02,2.30000000e+02,7.17672519e-11,7.02823308e-01,2.90568383e-01,6.60830846e-03,1.23457507e+03
2.84000000e+02,2.30000000e+02,6.92955485e-11,7.07093644e-01,2.86436701e-01,6.46965477e-03,1.23576440e+03
2.86000000e+02,2.30000000e+02,6.69215031e-11,7.11318520e-01,2.82347762e-01,6.33371775e-03,1.23690747e+03
2.88000000e+02,2.30000000e+02,6.46405499e-11,7.15497231e-01,2.78302312e-01,6.20045703e-03,1.23800610e+03
2.90000000e+02,2.30000000e+02,6.24485533e-11,7.19630143e-01,2.74300048e-01,6.06980862e-03,1.23906226e+03
2.92000000e+02,2.30000000e+02,6.03414055e-11,7.23717038e-01,2.70341228e-01,5.94173453e-03,1.24007776e+03
2.94000000e+02,2.30000000e+02,5.83153387e-11,7.27758133e-01,2.66425684e-01,5.81618362e-03,1.24105371e+03
2.96000000e+02,2.30000000e+02,5.63667377e-11,7.31753447e-01,2.62553448e-01,5.69310575e-03,1.24199219e+03
2.98000000e+02,2.30000000e+02,5.44921955e-11,7.35703262e-01,2.58724279e-01,5.57245897e-03,1.24289453e+03
3.00000000e+02,2.30000000e+02,5.26884647e-11,7.39607316e-01,2.54938487e-01,5.45419723e-03,1.24376208e+03
