eta_c,C_D,K_back,CR_passive,eta_open,unresolved_fraction,converged,scattering,mean_wall_hits,mass_kg,alpha,theta_deg,L_over_d,phi,d_mm,species
0.8,2.72124055266424,0.99945,60.59125068512835,1.0,0.0,True,cll,0.3240833333333333,1.329426,0.0,0.0,3,0.8,10.0,N2
0.7995126616152767,2.7179275087786734,0.99955,60.54828197214645,1.0,0.0,True,cll,0.3434166666666666,1.329426,0.0,2.0,3,0.8,10.0,N2
0.7969557584733965,2.700828029151554,0.99945,60.36068268327271,1.0,0.0,True,cll,0.45,1.329426,0.0,5.0,3,0.8,10.0,N2
0.8,2.72124055266424,0.685,88.40573065292193,1.0,0.0,True,cll,0.32425,1.329426,0.2,0.0,3,0.8,10.0,N2
0.7995126616152767,2.7179275087786734,0.68455,88.40995580346065,1.0,0.0,True,cll,0.3434166666666666,1.329426,0.2,2.0,3,0.8,10.0,N2
0.7969557584733965,2.700828029151554,0.6918,87.203648898232,1.0,0.0,True,cll,0.4509166666666667,1.329426,0.2,5.0,3,0.8,10.0,N2
0.8,2.72124055266424,0.46855,129.245385758727,1.0,0.0,True,cll,0.3276666666666666,1.329426,0.5,0.0,3,0.8,10.0,N2
0.7995126616152767,2.7179275087786734,0.4677,129.4014009947808,1.0,0.0,True,cll,0.3454166666666666,1.329426,0.5,2.0,3,0.8,10.0,N2
0.7969557584733965,2.700828029151554,0.47555,126.85834151571214,1.0,0.0,True,cll,0.4551666666666666,1.329426,0.5,5.0,3,0.8,10.0,N2
0.7998666666666667,2.721257149178316,0.33675,179.80054197377476,0.9998333333333334,0.0,True,cll,0.3435,1.329426,0.8,0.0,3,0.8,10.0,N2
0.7992461573947383,2.717968678620144,0.33595,180.08888693806787,0.9996666666666668,0.0,True,cll,0.3608333333333333,1.329426,0.8,2.0,3,0.8,10.0,N2
0.7966901065539054,2.700862149537271,0.3376,178.63558988851,0.9996666666666668,0.0,True,cll,0.4859166666666666,1.329426,0.8,5.0,3,0.8,10.0,N2
0.6742666666666667,2.7390890816151248,0.27505,185.56712672823176,0.8428333333333333,0.0,True,cll,2.29425,1.329426,1.0,0.0,3,0.8,10.0,N2
0.6671266900628138,2.737229497412144,0.26815,188.326535493436,0.8344166666666667,0.0,True,cll,2.469583333333333,1.329426,1.0,2.0,3,0.8,10.0,N2
0.6256102704016163,2.726074455881709,0.2667,177.56683607656765,0.785,0.0,True,cll,3.159083333333333,1.329426,1.0,5.0,3,0.8,10.0,N2
0.9,2.708567624049933,0.99945,60.59125068512836,1.0,0.0,True,cll,0.3240833333333333,1.495233,0.0,0.0,3,0.9,10.0,N2
0.8994517443171862,2.705259591489243,0.99955,60.548281972146455,1.0,0.0,True,cll,0.3434166666666666,1.495233,0.0,2.0,3,0.9,10.0,N2
0.896575228282571,2.688217695665743,0.99945,60.36068268327271,1.0,0.0,True,cll,0.45,1.495233,0.0,5.0,3,0.9,10.0,N2
0.9,2.708567624049933,0.685,88.40573065292193,1.0,0.0,True,cll,0.32425,1.495233,0.2,0.0,3,0.9,10.0,N2
0.8994517443171862,2.705259591489243,0.68455,88.40995580346066,1.0,0.0,True,cll,0.3434166666666666,1.495233,0.2,2.0,3,0.9,10.0,N2
0.896575228282571,2.688217695665743,0.6918,87.20364889823202,1.0,0.0,True,cll,0.4509166666666667,1.495233,0.2,5.0,3,0.9,10.0,N2
0.9,2.708567624049933,0.46855,129.245385758727,1.0,0.0,True,cll,0.3276666666666666,1.495233,0.5,0.0,3,0.9,10.0,N2
0.8994517443171862,2.705259591489243,0.4677,129.40140099478083,1.0,0.0,True,cll,0.3454166666666666,1.495233,0.5,2.0,3,0.9,10.0,N2
0.896575228282571,2.688217695665743,0.47555,126.85834151571214,1.0,0.0,True,cll,0.4551666666666666,1.495233,0.5,5.0,3,0.9,10.0,N2
0.89985,2.7085862951282684,0.33675,179.80054197377476,0.9998333333333334,0.0,True,cll,0.3435,1.495233,0.8,0.0,3,0.9,10.0,N2
0.8991519270690805,2.7053059075608985,0.33595,180.0888869380679,0.9996666666666668,0.0,True,cll,0.3608333333333333,1.495233,0.8,2.0,3,0.9,10.0,N2
0.8962763698731435,2.6882560810996745,0.3376,178.63558988851003,0.9996666666666668,0.0,True,cll,0.4859166666666666,1.495233,0.8,5.0,3,0.9,10.0,N2
0.7585500000000001,2.7286472191196784,0.27505,185.56712672823184,0.8428333333333333,0.0,True,cll,2.29425,1.495233,1.0,0.0,3,0.9,10.0,N2
0.7505175263206655,2.726974328701898,0.26815,188.326535493436,0.8344166666666667,0.0,True,cll,2.469583333333333,1.495233,1.0,2.0,3,0.9,10.0,N2
0.7038115542018183,2.7166199257371675,0.2667,177.56683607656757,0.785,0.0,True,cll,3.159083333333333,1.495233,1.0,5.0,3,0.9,10.0,N2
0.8,2.72124055266424,0.999,60.61854404129282,1.0,0.0,True,cll,0.5450833333333334,2.21373,0.0,0.0,5,0.8,10.0,N2
0.7995126616152767,2.7179275087786734,0.9997,60.5391970043603,1.0,0.0,True,cll,0.5764166666666667,2.21373,0.0,2.0,5,0.8,10.0,N2
0.7969557584733965,2.700828029151554,0.9997,60.34558798419216,1.0,0.0,True,cll,0.7548333333333334,2.21373,0.0,5.0,5,0.8,10.0,N2
0.8,2.72124055266424,0.59055,102.54495893193044,1.0,0.0,True,cll,0.5510833333333334,2.21373,0.2,0.0,5,0.8,10.0,N2
0.7995126616152767,2.7179275087786734,0.5829,103.82747511624464,1.0,0.0,True,cll,0.5825,2.21373,0.2,2.0,5,0.8,10.0,N2
0.7969557584733965,2.700828029151554,0.58985,102.27597576976672,1.0,0.0,True,cll,0.7658333333333334,2.21373,0.2,5.0,5,0.8,10.0,N2
0.8,2.72124055266424,0.367,165.00797138215677,1.0,0.0,True,cll,0.5694166666666667,2.21373,0.5,0.0,5,0.8,10.0,N2
0.7995126616152767,2.7179275087786734,0.36745,164.70549801404,1.0,0.0,True,cll,0.6010833333333333,2.21373,0.5,2.0,5,0.8,10.0,N2
0.7969557584733965,2.700828029151554,0.36655,164.58186961614217,1.0,0.0,True,cll,0.7891666666666667,2.21373,0.5,5.0,5,0.8,10.0,N2
0.7986666666666666,2.7214787319794875,0.24275,249.05044540235951,0.9983333333333332,0.0,True,cll,0.7086666666666667,2.21373,0.8,0.0,5,0.8,10.0,N2
0.7978470102369114,2.7182063975540074,0.2449,246.6106564114524,0.9979166666666668,0.0,True,cll,0.7730833333333333,2.21373,0.8,2.0,5,0.8,10.0,N2
0.794365652258358,2.7012429227897963,0.25115,239.42432802626547,0.99675,0.0,True,cll,1.0464166666666668,2.21373,0.8,5.0,5,0.8,10.0,N2
0.5906,2.7523907204464835,0.1961,227.98005353567535,0.73825,0.0,True,cll,7.41775,2.21373,1.0,0.0,5,0.8,10.0,N2
0.5851766422472479,2.749625084650768,0.19085,232.10036353118053,0.7319166666666667,0.0,True,cll,7.68525,2.21373,1.0,2.0,5,0.8,10.0,N2
0.5238655852365126,2.74160079330936,0.1872,211.8336877759535,0.6573333333333333,0.0,True,cll,9.631,2.21373,1.0,5.0,5,0.8,10.0,N2
0.9,2.708567624049933,0.999,60.61854404129283,1.0,0.0,True,cll,0.5450833333333334,2.490075,0.0,0.0,5,0.9,10.0,N2
0.8994517443171862,2.705259591489243,0.9997,60.539197004360304,1.0,0.0,True,cll,0.5764166666666667,2.490075,0.0,2.0,5,0.9,10.0,N2
0.896575228282571,2.688217695665743,0.9997,60.34558798419216,1.0,0.0,True,cll,0.7548333333333334,2.490075,0.0,5.0,5,0.9,10.0,N2
0.9,2.708567624049933,0.59055,102.54495893193044,1.0,0.0,True,cll,0.5510833333333334,2.490075,0.2,0.0,5,0.9,10.0,N2
0.8994517443171862,2.705259591489243,0.5829,103.82747511624464,1.0,0.0,True,cll,0.5825,2.490075,0.2,2.0,5,0.9,10.0,N2
0.896575228282571,2.688217695665743,0.58985,102.27597576976672,1.0,0.0,True,cll,0.7658333333333334,2.490075,0.2,5.0,5,0.9,10.0,N2
0.9,2.708567624049933,0.367,165.00797138215677,1.0,0.0,True,cll,0.5694166666666667,2.490075,0.5,0.0,5,0.9,10.0,N2
0.8994517443171862,2.705259591489243,0.36745,164.70549801404,1.0,0.0,True,cll,0.6010833333333333,2.490075,0.5,2.0,5,0.9,10.0,N2
0.896575228282571,2.688217695665743,0.36655,164.58186961614214,1.0,0.0,True,cll,0.7891666666666667,2.490075,0.5,5.0,5,0.9,10.0,N2
0.8985,2.7088355757795863,0.24275,249.05044540235957,0.9983333333333332,0.0,True,cll,0.7086666666666667,2.490075,0.8,0.0,5,0.9,10.0,N2
0.8975778865165255,2.705573341361494,0.2449,246.61065641145248,0.9979166666666668,0.0,True,cll,0.7730833333333333,2.490075,0.8,2.0,5,0.9,10.0,N2
0.8936613587906527,2.6886844510087657,0.25115,239.42432802626547,0.99675,0.0,True,cll,1.0464166666666668,2.490075,0.8,5.0,5,0.9,10.0,N2
0.6644249999999999,2.743611562804957,0.1961,227.98005353567535,0.73825,0.0,True,cll,7.41775,2.490075,1.0,0.0,5,0.9,10.0,N2
0.6583237225281539,2.7409193643453498,0.19085,232.1003635311806,0.7319166666666667,0.0,True,cll,7.68525,2.490075,1.0,2.0,5,0.9,10.0,N2
0.5893487833910767,2.734087055343275,0.1872,211.83368777595356,0.6573333333333333,0.0,True,cll,9.631,2.490075,1.0,5.0,5,0.9,10.0,N2
0.8,2.72124055266424,0.99965,60.579128192118766,1.0,0.0,True,cll,1.0934166666666667,4.42449,0.0,0.0,10,0.8,10.0,N2
0.7995126616152767,2.7179275087786734,0.99975,60.53616928758088,1.0,0.0,True,cll,1.1646666666666667,4.42449,0.0,2.0,10,0.8,10.0,N2
0.7969557584733965,2.700828029151554,0.99955,60.3546438975508,1.0,0.0,True,cll,1.4953333333333334,4.42449,0.0,5.0,10,0.8,10.0,N2
0.8,2.72124055266424,0.4466,135.59768360333973,1.0,0.0,True,cll,1.1274166666666667,4.42449,0.2,0.0,10,0.8,10.0,N2
0.7995126616152767,2.7179275087786734,0.4469,135.42411108807113,1.0,0.0,True,cll,1.19225,4.42449,0.2,2.0,10,0.8,10.0,N2
0.7969557584733965,2.700828029151554,0.4479,134.6896278361172,1.0,0.0,True,cll,1.53075,4.42449,0.2,5.0,10,0.8,10.0,N2
0.8,2.72124055266424,0.2408,251.4864015666592,1.0,0.0,True,cll,1.272333333333333,4.42449,0.5,0.0,10,0.8,10.0,N2
0.7990462792293344,2.71797822617472,0.24265,249.2715075542245,0.9994166666666666,0.0,True,cll,1.3649166666666666,4.42449,0.5,2.0,10,0.8,10.0,N2
0.7960259767551775,2.700979188157417,0.24565,245.2965692764956,0.9988333333333334,0.0,True,cll,1.7165,4.42449,0.5,5.0,10,0.8,10.0,N2
0.7720666666666667,2.725653707540527,0.1491,391.97481286813655,0.9650833333333332,0.0,True,cll,5.279,4.42449,0.8,0.0,10,0.8,10.0,N2
0.7693310586393,2.722675549153914,0.1491,390.5859568393726,0.96225,0.0001666666666666,True,cll,5.22275,4.42449,0.8,2.0,10,0.8,10.0,N2
0.7497361297838477,2.708169490524528,0.148,383.46676258486445,0.94075,8.333333333333333e-05,True,cll,7.563833333333333,4.42449,0.8,5.0,10,0.8,10.0,N2
0.4347333333333333,2.776512576586455,0.1139,288.92173848959413,0.5434166666666667,8.333333333333333e-05,True,cll,33.143166666666666,4.42449,1.0,0.0,10,0.8,10.0,N2
0.4187447565210012,2.776315609368293,0.1106,286.5993870678517,0.52375,8.333333333333333e-05,True,cll,34.37583333333333,4.42449,1.0,2.0,10,0.8,10.0,N2
0.3480040145333831,2.7690317507676325,0.10565,249.34218155297032,0.4366666666666666,8.333333333333333e-05,True,cll,36.47425,4.42449,1.0,5.0,10,0.8,10.0,N2
0.9,2.708567624049933,0.99965,60.57912819211877,1.0,0.0,True,cll,1.0934166666666667,4.97718,0.0,0.0,10,0.9,10.0,N2
0.8994517443171862,2.705259591489243,0.99975,60.53616928758088,1.0,0.0,True,cll,1.1646666666666667,4.97718,0.0,2.0,10,0.9,10.0,N2
0.896575228282571,2.688217695665743,0.99955,60.3546438975508,1.0,0.0,True,cll,1.4953333333333334,4.97718,0.0,5.0,10,0.9,10.0,N2
0.9,2.708567624049933,0.4466,135.59768360333976,1.0,0.0,True,cll,1.1274166666666667,4.97718,0.2,0.0,10,0.9,10.0,N2
0.8994517443171862,2.705259591489243,0.4469,135.42411108807113,1.0,0.0,True,cll,1.19225,4.97718,0.2,2.0,10,0.9,10.0,N2
0.896575228282571,2.688217695665743,0.4479,134.6896278361172,1.0,0.0,True,cll,1.53075,4.97718,0.2,5.0,10,0.9,10.0,N2
0.9,2.708567624049933,0.2408,251.4864015666592,1.0,0.0,True,cll,1.272333333333333,4.97718,0.5,0.0,10,0.9,10.0,N2
0.8989270641330012,2.7053166485597964,0.24265,249.27150755422457,0.9994166666666666,0.0,True,cll,1.3649166666666666,4.97718,0.5,2.0,10,0.9,10.0,N2
0.8955292238495747,2.6883877495473403,0.24565,245.2965692764956,0.9988333333333334,0.0,True,cll,1.7165,4.97718,0.5,5.0,10,0.9,10.0,N2
0.868575,2.713532423285755,0.1491,391.97481286813655,0.9650833333333332,0.0,True,cll,5.279,4.97718,0.8,0.0,10,0.9,10.0,N2
0.8654974409692124,2.7106011369113894,0.1491,390.5859568393727,0.96225,0.0001666666666666,True,cll,5.22275,4.97718,0.8,2.0,10,0.9,10.0,N2
0.8434531460068286,2.6964768397103387,0.148,383.4667625848645,0.94075,8.333333333333333e-05,True,cll,7.563833333333333,4.97718,0.8,5.0,10,0.9,10.0,N2
0.489075,2.7707486509624246,0.1139,288.9217384895941,0.5434166666666667,8.333333333333333e-05,True,cll,33.143166666666666,4.97718,1.0,0.0,10,0.9,10.0,N2
0.4710878510861263,2.7709462046525664,0.1106,286.5993870678517,0.52375,8.333333333333333e-05,True,cll,34.37583333333333,4.97718,1.0,2.0,10,0.9,10.0,N2
0.391504516350056,2.764946882483832,0.10565,249.34218155297037,0.4366666666666666,8.333333333333333e-05,True,cll,36.47425,4.97718,1.0,5.0,10,0.9,10.0,N2
0.8,2.72124055266424,0.9997,60.57609832674956,1.0,0.0,True,cll,2.1895,8.84601,0.0,0.0,20,0.8,10.0,N2
0.7995126616152767,2.7179275087786734,0.9996,60.54525334659762,1.0,0.0,True,cll,2.3255,8.84601,0.0,2.0,20,0.8,10.0,N2
0.7969557584733965,2.700828029151554,0.99985,60.33653478801511,1.0,0.0,True,cll,3.0058333333333334,8.84601,0.0,5.0,20,0.8,10.0,N2
0.8,2.72124055266424,0.316,191.63900473813771,1.0,0.0,True,cll,2.350416666666667,8.84601,0.2,0.0,20,0.8,10.0,N2
0.7995126616152767,2.7179275087786734,0.3074,196.88040092797328,1.0,0.0,True,cll,2.48975,8.84601,0.2,2.0,20,0.8,10.0,N2
0.7968893454935237,2.700838142022572,0.3095,194.90293058946017,0.9999166666666668,0.0,True,cll,3.183583333333333,8.84601,0.2,5.0,20,0.8,10.0,N2
0.7902666666666667,2.722816903128592,0.14855,402.70035276810256,0.9878333333333332,0.0,True,cll,5.648833333333333,8.84601,0.5,0.0,20,0.8,10.0,N2
0.788452736462932,2.7196324433873413,0.1488,401.1009918752212,0.9861666666666666,0.0008333333333333,True,cll,5.739583333333333,8.84601,0.5,2.0,20,0.8,10.0,N2
0.7769654515316887,2.704022759619077,0.14325,410.5708196142618,0.9749166666666668,0.0,True,cll,8.716083333333334,8.84601,0.5,5.0,20,0.8,10.0,N2
0.6094666666666667,2.751611655263226,0.08365,551.5247608048152,0.7618333333333334,0.0,True,cll,58.82441666666666,8.84601,0.8,0.0,20,0.8,10.0,N2
0.605297710897899,2.7488235692941934,0.08365,547.7521470444091,0.7570833333333333,8.333333333333333e-05,True,cll,62.32716666666666,8.84601,0.8,2.0,20,0.8,10.0,N2
0.5567400102735403,2.7394113877898585,0.08095,520.6148867122314,0.6985833333333333,0.0,True,cll,72.99225,8.84601,0.8,5.0,20,0.8,10.0,N2
0.2672666666666667,2.8039446690899004,0.06035,335.23435973278293,0.3340833333333333,0.0,True,cll,120.40508333333334,8.84601,1.0,0.0,20,0.8,10.0,N2
0.2585090939222728,2.80172904445287,0.05865,333.6482193117432,0.3233333333333333,0.0,True,cll,117.30033333333331,8.84601,1.0,2.0,20,0.8,10.0,N2
0.2070092582634647,2.7916172540165696,0.06,261.1677341491707,0.25975,0.0,True,cll,106.51058333333332,8.84601,1.0,5.0,20,0.8,10.0,N2
0.9,2.708567624049933,0.9997,60.57609832674956,1.0,0.0,True,cll,2.1895,9.95139,0.0,0.0,20,0.9,10.0,N2
0.8994517443171862,2.705259591489243,0.9996,60.545253346597626,1.0,0.0,True,cll,2.3255,9.95139,0.0,2.0,20,0.9,10.0,N2
0.896575228282571,2.688217695665743,0.99985,60.33653478801511,1.0,0.0,True,cll,3.0058333333333334,9.95139,0.0,5.0,20,0.9,10.0,N2
0.9,2.708567624049933,0.316,191.63900473813771,1.0,0.0,True,cll,2.350416666666667,9.95139,0.2,0.0,20,0.9,10.0,N2
0.8994517443171862,2.705259591489243,0.3074,196.88040092797328,1.0,0.0,True,cll,2.48975,9.95139,0.2,2.0,20,0.9,10.0,N2
0.8965005136802141,2.6882290726456386,0.3095,194.90293058946017,0.9999166666666668,0.0,True,cll,3.183583333333333,9.95139,0.2,5.0,20,0.9,10.0,N2
0.88905,2.710341018322328,0.14855,402.7003527681026,0.9878333333333332,0.0,True,cll,5.648833333333333,9.95139,0.5,0.0,20,0.9,10.0,N2
0.8870093285207984,2.707177642923995,0.1488,401.1009918752212,0.9861666666666666,0.0008333333333333,True,cll,5.739583333333333,9.95139,0.5,2.0,20,0.9,10.0,N2
0.8740861329731499,2.691811767441707,0.14325,410.5708196142618,0.9749166666666668,0.0,True,cll,8.716083333333334,9.95139,0.5,5.0,20,0.9,10.0,N2
0.6856500000000001,2.742735114473792,0.08365,551.5247608048152,0.7618333333333334,0.0,True,cll,58.82441666666666,9.95139,0.8,0.0,20,0.9,10.0,N2
0.6809599247601364,2.740017659569203,0.08365,547.7521470444092,0.7570833333333333,8.333333333333333e-05,True,cll,62.32716666666666,9.95139,0.8,2.0,20,0.9,10.0,N2
0.6263325115577327,2.731623974133836,0.08095,520.6148867122313,0.6985833333333333,0.0,True,cll,72.99225,9.95139,0.8,5.0,20,0.9,10.0,N2
0.300675,2.801609755028801,0.06035,335.23435973278293,0.3340833333333333,0.0,True,cll,120.40508333333334,9.95139,1.0,0.0,20,0.9,10.0,N2
0.2908227306625568,2.799536319122715,0.05865,333.6482193117433,0.3233333333333333,0.0,True,cll,117.30033333333331,9.95139,1.0,2.0,20,0.9,10.0,N2
0.2328854155463978,2.7903555736388856,0.06,261.1677341491708,0.25975,0.0,True,cll,106.51058333333332,9.95139,1.0,5.0,20,0.9,10.0,N2
0.8,2.72124055266424,0.9994,60.59428206649143,1.0,0.0,True,maxwell,0.3240833333333333,1.329426,0.0,0.0,3,0.8,10.0,N2
0.7995126616152767,2.7179275087786734,0.99915,60.57252188886453,1.0,0.0,True,maxwell,0.3434166666666666,1.329426,0.0,2.0,3,0.8,10.0,N2
0.7969557584733965,2.700828029151554,0.9993,60.369743127986496,1.0,0.0,True,maxwell,0.45,1.329426,0.0,5.0,3,0.8,10.0,N2
0.7752,2.7242853823502178,0.69405,84.54813025983248,0.969,0.0,True,maxwell,0.6816666666666666,1.329426,0.2,0.0,3,0.8,10.0,N2
0.7734618740576455,2.721047750354602,0.6889,84.9891975325654,0.9674166666666668,0.0,True,maxwell,0.7455833333333334,1.329426,0.2,2.0,3,0.8,10.0,N2
0.7624874219194221,2.705003667004945,0.69305,83.28161115573866,0.95675,0.0,True,maxwell,0.9340833333333334,1.329426,0.2,5.0,3,0.8,10.0,N2
0.7357333333333334,2.729676797382066,0.4762,116.95318244919288,0.9196666666666666,0.0,True,maxwell,1.1963333333333332,1.329426,0.5,0.0,3,0.8,10.0,N2
0.7341525015282278,2.726542185092703,0.476,116.75092565957786,0.91825,0.0,True,maxwell,1.2605,1.329426,0.5,2.0,3,0.8,10.0,N2
0.7055050851885742,2.712992600817541,0.47355,112.77564245270236,0.88525,0.0,True,maxwell,1.6476666666666666,1.329426,0.5,5.0,3,0.8,10.0,N2
0.6952666666666667,2.7359449223054297,0.343,153.43989431750148,0.8690833333333333,0.0,True,maxwell,1.861,1.329426,0.8,0.0,3,0.8,10.0,N2
0.6913785741318105,2.733383980057722,0.33955,154.13213143377325,0.86475,0.0,True,maxwell,1.9519166666666667,1.329426,0.8,2.0,3,0.8,10.0,N2
0.6573556747808066,2.721032354525651,0.3397,146.4825433418148,0.8248333333333333,0.0,True,maxwell,2.5315,1.329426,0.8,5.0,3,0.8,10.0,N2
0.6746000000000001,2.7394239917372154,0.272,187.7407010130785,0.84325,0.0,True,maxwell,2.30625,1.329426,1.0,0.0,3,0.8,10.0,N2
0.6668601858422754,2.7373422550752475,0.27435,183.9970359546192,0.8340833333333333,0.0,True,maxwell,2.4605,1.329426,1.0,2.0,3,0.8,10.0,N2
0.6230201641865776,2.7261573744873515,0.2744,171.86957309628363,0.78175,0.0,True,maxwell,3.2176666666666667,1.329426,1.0,5.0,3,0.8,10.0,N2
0.9,2.708567624049933,0.9994,60.59428206649143,1.0,0.0,True,maxwell,0.3240833333333333,1.495233,0.0,0.0,3,0.9,10.0,N2
0.8994517443171862,2.705259591489243,0.99915,60.57252188886453,1.0,0.0,True,maxwell,0.3434166666666666,1.495233,0.0,2.0,3,0.9,10.0,N2
0.896575228282571,2.688217695665743,0.9993,60.369743127986496,1.0,0.0,True,maxwell,0.45,1.495233,0.0,5.0,3,0.9,10.0,N2
0.8721,2.7119930574466573,0.69405,84.54813025983248,0.969,0.0,True,maxwell,0.6816666666666666,1.495233,0.2,0.0,3,0.9,10.0,N2
0.8701446083148513,2.708769863262164,0.6889,84.98919753256543,0.9674166666666668,0.0,True,maxwell,0.7455833333333334,1.495233,0.2,2.0,3,0.9,10.0,N2
0.8577983496593499,2.6929152882508083,0.69305,83.28161115573867,0.95675,0.0,True,maxwell,0.9340833333333334,1.495233,0.2,5.0,3,0.9,10.0,N2
0.8277,2.718058399357487,0.4762,116.9531824491929,0.9196666666666666,0.0,True,maxwell,1.1963333333333332,1.495233,0.5,0.0,3,0.9,10.0,N2
0.8259215642192563,2.7149511023425266,0.476,116.75092565957787,0.91825,0.0,True,maxwell,1.2605,1.495233,0.5,2.0,3,0.9,10.0,N2
0.793693220837146,2.7019028387899784,0.47355,112.7756424527024,0.88525,0.0,True,maxwell,1.6476666666666666,1.495233,0.5,5.0,3,0.9,10.0,N2
0.782175,2.7251100398962715,0.343,153.43989431750148,0.8690833333333333,0.0,True,maxwell,1.861,1.495233,0.8,0.0,3,0.9,10.0,N2
0.7778008958982868,2.7226481216781733,0.33955,154.13213143377328,0.86475,0.0,True,maxwell,1.9519166666666667,1.495233,0.8,2.0,3,0.9,10.0,N2
0.7395251341284073,2.710947561711602,0.3397,146.48254334181476,0.8248333333333333,0.0,True,maxwell,2.5315,1.495233,0.8,5.0,3,0.9,10.0,N2
0.7589250000000001,2.7290239930070297,0.272,187.7407010130785,0.84325,0.0,True,maxwell,2.30625,1.495233,1.0,0.0,3,0.9,10.0,N2
0.7502177090725597,2.72710118107289,0.27435,183.9970359546192,0.8340833333333333,0.0,True,maxwell,2.4605,1.495233,1.0,2.0,3,0.9,10.0,N2
0.7008976847098998,2.7167132091685158,0.2744,171.86957309628366,0.78175,0.0,True,maxwell,3.2176666666666667,1.495233,1.0,5.0,3,0.9,10.0,N2
0.8,2.72124055266424,0.9992,60.60641062575213,1.0,0.0,True,maxwell,0.5450833333333334,2.21373,0.0,0.0,5,0.8,10.0,N2
0.7995126616152767,2.7179275087786734,0.9996,60.54525334659762,1.0,0.0,True,maxwell,0.5764166666666667,2.21373,0.0,2.0,5,0.8,10.0,N2
0.7969557584733965,2.700828029151554,0.99915,60.37880629314608,1.0,0.0,True,maxwell,0.7548333333333334,2.21373,0.0,5.0,5,0.8,10.0,N2
0.7589333333333333,2.7262580368461906,0.59285,96.90357648937496,0.9486666666666668,0.0,True,maxwell,1.50325,2.21373,0.2,0.0,5,0.8,10.0,N2
0.7545400743994173,2.723566298601959,0.59445,96.08331569133342,0.94375,0.0,True,maxwell,1.6104166666666666,2.21373,0.2,2.0,5,0.8,10.0,N2
0.7405711385614037,2.7079126149873454,0.585,95.8278885350774,0.92925,0.0,True,maxwell,2.105916666666667,2.21373,0.2,5.0,5,0.8,10.0,N2
0.6918000000000001,2.736141749821974,0.36725,142.59350871000206,0.86475,0.0,True,maxwell,3.2038333333333333,2.21373,0.5,0.0,5,0.8,10.0,N2
0.6881138974302149,2.733290130135049,0.3674,141.77582380988818,0.8606666666666667,0.0,True,maxwell,3.3196666666666665,2.21373,0.5,2.0,5,0.8,10.0,N2
0.652308288310475,2.720923826792927,0.3605,136.97100112602433,0.8185,0.0,True,maxwell,4.330666666666667,2.21373,0.5,5.0,5,0.8,10.0,N2
0.6287333333333334,2.746243644382024,0.24505,194.21947744153545,0.7859166666666667,0.0,True,maxwell,5.46225,2.21373,0.8,0.0,5,0.8,10.0,N2
0.6229536155085698,2.7438988020505737,0.25065,188.1347428496481,0.7791666666666667,0.0,True,maxwell,5.793333333333333,2.21373,0.8,2.0,5,0.8,10.0,N2
0.5697569543286056,2.7337909646635787,0.25315,170.36983602494885,0.7149166666666666,0.0,True,maxwell,7.26225,2.21373,0.8,5.0,5,0.8,10.0,N2
0.5922,2.752384667672952,0.18905,237.12247738344584,0.74025,0.0,True,maxwell,7.343666666666667,2.21373,1.0,0.0,5,0.8,10.0,N2
0.5799798099467486,2.750616551651316,0.1914,229.3780963993293,0.7254166666666667,0.0,True,maxwell,7.70825,2.21373,1.0,2.0,5,0.8,10.0,N2
0.5140364642153407,2.743197145553306,0.18955,205.282128085091,0.645,0.0,True,maxwell,9.659166666666666,2.21373,1.0,5.0,5,0.8,10.0,N2
0.9,2.708567624049933,0.9992,60.60641062575214,1.0,0.0,True,maxwell,0.5450833333333334,2.490075,0.0,0.0,5,0.9,10.0,N2
0.8994517443171862,2.705259591489243,0.9996,60.545253346597626,1.0,0.0,True,maxwell,0.5764166666666667,2.490075,0.0,2.0,5,0.9,10.0,N2
0.896575228282571,2.688217695665743,0.99915,60.37880629314608,1.0,0.0,True,maxwell,0.7548333333333334,2.490075,0.0,5.0,5,0.9,10.0,N2
0.8538,2.714212293754627,0.59285,96.90357648937496,0.9486666666666668,0.0,True,maxwell,1.50325,2.490075,0.2,0.0,5,0.9,10.0,N2
0.8488575836993445,2.7116032300404407,0.59445,96.08331569133348,0.94375,0.0,True,maxwell,1.6104166666666666,2.490075,0.2,2.0,5,0.9,10.0,N2
0.8331425308815791,2.6961878547310083,0.585,95.8278885350774,0.92925,0.0,True,maxwell,2.105916666666667,2.490075,0.2,5.0,5,0.9,10.0,N2
0.778275,2.7253314708523835,0.36725,142.59350871000208,0.86475,0.0,True,maxwell,3.2038333333333333,2.490075,0.5,0.0,5,0.9,10.0,N2
0.7741281346089917,2.722542540515166,0.3674,141.77582380988815,0.8606666666666667,0.0,True,maxwell,3.3196666666666665,2.490075,0.5,2.0,5,0.9,10.0,N2
0.7338468243492844,2.710825468012288,0.3605,136.97100112602433,0.8185,0.0,True,maxwell,4.330666666666667,2.490075,0.5,5.0,5,0.9,10.0,N2
0.7073250000000001,2.736696102232439,0.24505,194.21947744153547,0.7859166666666667,0.0,True,maxwell,5.46225,2.490075,0.8,0.0,5,0.9,10.0,N2
0.7008228174471409,2.734477296420131,0.25065,188.1347428496481,0.7791666666666667,0.0,True,maxwell,5.793333333333333,2.490075,0.8,2.0,5,0.9,10.0,N2
0.6409765736196814,2.725300998116771,0.25315,170.36983602494888,0.7149166666666666,0.0,True,maxwell,7.26225,2.490075,0.8,5.0,5,0.9,10.0,N2
0.666225,2.7436047534347345,0.18905,237.12247738344587,0.74025,0.0,True,maxwell,7.343666666666667,2.490075,1.0,0.0,5,0.9,10.0,N2
0.6524772861900923,2.7420347647209664,0.1914,229.37809639932937,0.7254166666666667,0.0,True,maxwell,7.70825,2.490075,1.0,2.0,5,0.9,10.0,N2
0.5782910222422583,2.735882951617715,0.18955,205.28212808509105,0.645,0.0,True,maxwell,9.659166666666666,2.490075,1.0,5.0,5,0.9,10.0,N2
0.8,2.72124055266424,0.99965,60.579128192118766,1.0,0.0,True,maxwell,1.0934166666666667,4.42449,0.0,0.0,10,0.8,10.0,N2
0.7995126616152767,2.7179275087786734,0.9997,60.5391970043603,1.0,0.0,True,maxwell,1.1646666666666667,4.42449,0.0,2.0,10,0.8,10.0,N2
0.7969557584733965,2.700828029151554,0.99905,60.38484991521636,1.0,0.0,True,maxwell,1.4953333333333334,4.42449,0.0,5.0,10,0.8,10.0,N2
0.7191333333333334,2.7319047147114595,0.44745,121.65946704265882,0.8989166666666667,0.0,True,maxwell,4.812666666666667,4.42449,0.2,0.0,10,0.8,10.0,N2
0.7085014703014044,2.730172610352147,0.44755,119.83403880350131,0.8861666666666667,0.0,True,maxwell,5.498333333333333,4.42449,0.2,2.0,10,0.8,10.0,N2
0.6910270555763075,2.715144108803104,0.4439,117.83950481013493,0.8670833333333333,0.0001666666666666,True,maxwell,6.69125,4.42449,0.2,5.0,10,0.8,10.0,N2
0.6012,2.750104767836449,0.23835,190.934680139226,0.7515,0.0006666666666666,True,maxwell,12.38475,4.42449,0.5,0.0,10,0.8,10.0,N2
0.5917726217055739,2.748209395230706,0.24105,185.83552342127857,0.7401666666666666,0.0001666666666666,True,maxwell,13.227166666666667,4.42449,0.5,2.0,10,0.8,10.0,N2
0.5431917623794925,2.738004162882464,0.2358,174.37747178169033,0.6815833333333333,8.333333333333333e-05,True,maxwell,15.503416666666666,4.42449,0.5,5.0,10,0.8,10.0,N2
0.4918,2.767160051379736,0.15225,244.51878291911572,0.61475,0.0,True,maxwell,23.731666666666666,4.42449,0.8,0.0,10,0.8,10.0,N2
0.481573126512935,2.7658779204439226,0.15465,235.7183116460459,0.6023333333333334,8.333333333333333e-05,True,maxwell,24.39633333333333,4.42449,0.8,2.0,10,0.8,10.0,N2
0.4227850298701368,2.757733528988587,0.1468,218.00906284254944,0.5305,0.0,True,maxwell,27.290416666666665,4.42449,0.8,5.0,10,0.8,10.0,N2
0.4307333333333333,2.7778419654638373,0.11005,296.2780225940801,0.5384166666666667,0.0,True,maxwell,33.37525,4.42449,1.0,0.0,10,0.8,10.0,N2
0.4194776431274817,2.7763645079976444,0.11185,283.8924436776565,0.5246666666666666,0.0001666666666666,True,maxwell,34.24225,4.42449,1.0,2.0,10,0.8,10.0,N2
0.3497307520100755,2.769246393228087,0.1068,247.8811894232666,0.4388333333333333,0.0003333333333333,True,maxwell,36.14691666666667,4.42449,1.0,5.0,10,0.8,10.0,N2
0.9,2.708567624049933,0.99965,60.57912819211877,1.0,0.0,True,maxwell,1.0934166666666667,4.97718,0.0,0.0,10,0.9,10.0,N2
0.8994517443171862,2.705259591489243,0.9997,60.539197004360304,1.0,0.0,True,maxwell,1.1646666666666667,4.97718,0.0,2.0,10,0.9,10.0,N2
0.896575228282571,2.688217695665743,0.99905,60.38484991521636,1.0,0.0,True,maxwell,1.4953333333333334,4.97718,0.0,5.0,10,0.9,10.0,N2
0.809025,2.7205648063530545,0.44745,121.6594670426588,0.8989166666666667,0.0,True,maxwell,4.812666666666667,4.97718,0.2,0.0,10,0.9,10.0,N2
0.7970641540890798,2.719035330759402,0.44755,119.8340388035013,0.8861666666666667,0.0,True,maxwell,5.498333333333333,4.97718,0.2,2.0,10,0.9,10.0,N2
0.777405437523346,2.7043232852737367,0.4439,117.83950481013495,0.8670833333333333,0.0001666666666666,True,maxwell,6.69125,4.97718,0.2,5.0,10,0.9,10.0,N2
0.67635,2.741039866118668,0.23835,190.934680139226,0.7515,0.0006666666666666,True,maxwell,12.38475,4.97718,0.5,0.0,10,0.9,10.0,N2
0.6657441994187706,2.73932671374778,0.24105,185.8355234212785,0.7401666666666666,0.0001666666666666,True,maxwell,13.227166666666667,4.97718,0.5,2.0,10,0.9,10.0,N2
0.611090732676929,2.730040846113017,0.2358,174.3774717816903,0.6815833333333333,8.333333333333333e-05,True,maxwell,15.503416666666666,4.97718,0.5,5.0,10,0.9,10.0,N2
0.5532750000000001,2.760227060104865,0.15225,244.51878291911584,0.61475,0.0,True,maxwell,23.731666666666666,4.97718,0.8,0.0,10,0.9,10.0,N2
0.5417697673270518,2.759203804612649,0.15465,235.71831164604592,0.6023333333333334,8.333333333333333e-05,True,maxwell,24.39633333333333,4.97718,0.8,2.0,10,0.9,10.0,N2
0.4756331586039038,2.752236382982405,0.1468,218.00906284254935,0.5305,0.0,True,maxwell,27.290416666666665,4.97718,0.8,5.0,10,0.9,10.0,N2
0.484575,2.77224421344948,0.11005,296.2780225940801,0.5384166666666667,0.0,True,maxwell,33.37525,4.97718,1.0,0.0,10,0.9,10.0,N2
0.4719123485184169,2.7710012156105863,0.11185,283.8924436776565,0.5246666666666666,0.0001666666666666,True,maxwell,34.24225,4.97718,1.0,2.0,10,0.9,10.0,N2
0.3934470960113349,2.765188355251843,0.1068,247.88118942326668,0.4388333333333333,0.0003333333333333,True,maxwell,36.14691666666667,4.97718,1.0,5.0,10,0.9,10.0,N2
0.8,2.72124055266424,0.9997,60.57609832674956,1.0,0.0,True,maxwell,2.1895,8.84601,0.0,0.0,20,0.8,10.0,N2
0.7995126616152767,2.7179275087786734,0.9996,60.54525334659762,1.0,0.0,True,maxwell,2.3255,8.84601,0.0,2.0,20,0.8,10.0,N2
0.7969557584733965,2.700828029151554,0.99915,60.37880629314608,1.0,0.0,True,maxwell,3.0058333333333334,8.84601,0.0,5.0,20,0.8,10.0,N2
0.6551333333333333,2.74214900349514,0.3057,162.22405786214443,0.8189166666666666,0.0001666666666666,True,maxwell,17.896416666666667,8.84601,0.2,0.0,20,0.8,10.0,N2
0.6432079362694901,2.740023110108821,0.30745,158.3645238406598,0.8045,8.333333333333333e-05,True,maxwell,18.698666666666668,8.84601,0.2,2.0,20,0.8,10.0,N2
0.6059520283592725,2.72775705029743,0.31435,145.91696273377312,0.7603333333333333,8.333333333333333e-05,True,maxwell,21.843333333333334,8.84601,0.2,5.0,20,0.8,10.0,N2
0.4758666666666666,2.770167760801816,0.14605,246.64068937543155,0.5948333333333333,8.333333333333333e-05,True,maxwell,49.10391666666667,8.84601,0.5,0.0,20,0.8,10.0,N2
0.4645168563984757,2.7678414100492548,0.1468,239.5280754597784,0.581,0.0,True,maxwell,49.32708333333333,8.84601,0.5,2.0,20,0.8,10.0,N2
0.4058497200025771,2.7595937895734237,0.1416,216.96166231458736,0.50925,0.0,True,maxwell,53.609,8.84601,0.5,5.0,20,0.8,10.0,N2
0.3343333333333333,2.79333594649476,0.08415,300.75064009577784,0.4179166666666666,0.0,True,maxwell,87.2,8.84601,0.8,0.0,20,0.8,10.0,N2
0.3253350272222829,2.790766704768224,0.0869,283.39491283333297,0.4069166666666666,0.0008333333333333,True,maxwell,87.78641666666667,8.84601,0.8,2.0,20,0.8,10.0,N2
0.2721603915186649,2.7815991008919965,0.08395,245.40602610021023,0.3415,0.0008333333333333,True,maxwell,86.07283333333334,8.84601,0.8,5.0,20,0.8,10.0,N2
0.2698,2.804185508985668,0.06125,333.4393530440502,0.33725,0.0,True,maxwell,116.42916666666666,8.84601,1.0,0.0,20,0.8,10.0,N2
0.2591087284184842,2.8018395037682677,0.06225,315.0820697038985,0.3240833333333333,8.333333333333333e-05,True,maxwell,118.96916666666668,8.84601,1.0,2.0,20,0.8,10.0,N2
0.206013063565373,2.7919441590184384,0.0611,255.23166437914077,0.2585,8.333333333333333e-05,True,maxwell,108.484,8.84601,1.0,5.0,20,0.8,10.0,N2
0.9,2.708567624049933,0.9997,60.57609832674956,1.0,0.0,True,maxwell,2.1895,9.95139,0.0,0.0,20,0.9,10.0,N2
0.8994517443171862,2.705259591489243,0.9996,60.545253346597626,1.0,0.0,True,maxwell,2.3255,9.95139,0.0,2.0,20,0.9,10.0,N2
0.896575228282571,2.688217695665743,0.99915,60.37880629314608,1.0,0.0,True,maxwell,3.0058333333333334,9.95139,0.0,5.0,20,0.9,10.0,N2
0.7370249999999999,2.732089631234695,0.3057,162.22405786214443,0.8189166666666666,0.0001666666666666,True,maxwell,17.896416666666667,9.95139,0.2,0.0,20,0.9,10.0,N2
0.7236089283031762,2.73011714298566,0.30745,158.3645238406598,0.8045,8.333333333333333e-05,True,maxwell,18.698666666666668,9.95139,0.2,2.0,20,0.9,10.0,N2
0.6816960319041815,2.718512844454854,0.31435,145.91696273377312,0.7603333333333333,8.333333333333333e-05,True,maxwell,21.843333333333334,9.95139,0.2,5.0,20,0.9,10.0,N2
0.53535,2.7636107332047053,0.14605,246.6406893754316,0.5948333333333333,8.333333333333333e-05,True,maxwell,49.10391666666667,9.95139,0.5,0.0,20,0.9,10.0,N2
0.5225814634482852,2.761412730418648,0.1468,239.5280754597784,0.581,0.0,True,maxwell,49.32708333333333,9.95139,0.5,2.0,20,0.9,10.0,N2
0.4565809350028992,2.7543291761403457,0.1416,216.9616623145874,0.50925,0.0,True,maxwell,53.609,9.95139,0.5,5.0,20,0.9,10.0,N2
0.376125,2.789674942109268,0.08415,300.7506400957778,0.4179166666666666,0.0,True,maxwell,87.2,9.95139,0.8,0.0,20,0.9,10.0,N2
0.3660019056250683,2.787203686977488,0.0869,283.3949128333329,0.4069166666666666,0.0008333333333333,True,maxwell,87.78641666666667,9.95139,0.8,2.0,20,0.9,10.0,N2
0.306180440458498,2.779085151373741,0.08395,245.4060261002102,0.3415,0.0008333333333333,True,maxwell,86.07283333333334,9.95139,0.8,5.0,20,0.9,10.0,N2
0.303525,2.8018806999115387,0.06125,333.4393530440502,0.33725,0.0,True,maxwell,116.42916666666666,9.95139,1.0,0.0,20,0.9,10.0,N2
0.2914973194707947,2.799660585852537,0.06225,315.0820697038986,0.3240833333333333,8.333333333333333e-05,True,maxwell,118.96916666666668,9.95139,1.0,2.0,20,0.9,10.0,N2
0.2317646965110446,2.790723341765988,0.0611,255.2316643791408,0.2585,8.333333333333333e-05,True,maxwell,108.484,9.95139,1.0,5.0,20,0.9,10.0,N2
0.8,3.106862566294904,0.99945,64.77477162853776,1.0,0.0,True,cll,0.3035833333333333,1.329426,0.0,0.0,3,0.8,10.0,O2
0.7995126616152767,3.103327521283453,0.99945,64.73531258781742,1.0,0.0,True,cll,0.325,1.329426,0.0,2.0,3,0.8,10.0,O2
0.7969557584733965,3.0836253878285227,0.9994,64.53151241766699,1.0,0.0,True,cll,0.4308333333333333,1.329426,0.0,5.0,3,0.8,10.0,O2
0.8,3.106862566294904,0.681,95.06482452884296,1.0,0.0,True,cll,0.3045,1.329426,0.2,0.0,3,0.8,10.0,O2
0.7995126616152767,3.103327521283453,0.68485,94.47281618733167,1.0,0.0,True,cll,0.32675,1.329426,0.2,2.0,3,0.8,10.0,O2
0.7969557584733965,3.0836253878285227,0.68885,93.62385644221004,1.0,0.0,True,cll,0.43375,1.329426,0.2,5.0,3,0.8,10.0,O2
0.8,3.106862566294904,0.46655,138.76143072369965,1.0,0.0,True,cll,0.3065,1.329426,0.5,0.0,3,0.8,10.0,O2
0.7995126616152767,3.103327521283453,0.46795,138.26201125311275,1.0,0.0,True,cll,0.3291666666666666,1.329426,0.5,2.0,3,0.8,10.0,O2
0.7969557584733965,3.0836253878285227,0.47315,136.30517491327566,1.0,0.0,True,cll,0.43575,1.329426,0.5,5.0,3,0.8,10.0,O2
0.7999333333333334,3.106875163706733,0.335,193.2350763443285,0.9999166666666668,0.0,True,cll,0.32075,1.329426,0.8,0.0,3,0.8,10.0,O2
0.7993127834498729,3.103361860259585,0.3358,192.6251734331526,0.99975,0.0,True,cll,0.34025,1.329426,0.8,2.0,3,0.8,10.0,O2
0.7968229325136509,3.083640878154205,0.34,189.6530726802883,0.9998333333333334,0.0,True,cll,0.45575,1.329426,0.8,5.0,3,0.8,10.0,O2
0.6845333333333334,3.1246223121403385,0.2696,205.4715461289969,0.8556666666666667,0.0,True,cll,2.133,1.329426,1.0,0.0,3,0.8,10.0,O2
0.6767208420021971,3.122610507603409,0.2733,200.37655075039223,0.8464166666666667,0.0,True,cll,2.283583333333333,1.329426,1.0,2.0,3,0.8,10.0,O2
0.6326500462681313,3.1091042291228197,0.26655,192.0710157501161,0.7938333333333333,0.0,True,cll,2.983083333333333,1.329426,1.0,5.0,3,0.8,10.0,O2
0.9,3.093272802941077,0.99945,64.77477162853776,1.0,0.0,True,cll,0.3035833333333333,1.495233,0.0,0.0,3,0.9,10.0,O2
0.8994517443171862,3.089774114085443,0.99945,64.73531258781742,1.0,0.0,True,cll,0.325,1.495233,0.0,2.0,3,0.9,10.0,O2
0.896575228282571,3.0701137016635287,0.9994,64.53151241766699,1.0,0.0,True,cll,0.4308333333333333,1.495233,0.0,5.0,3,0.9,10.0,O2
0.9,3.093272802941077,0.681,95.06482452884296,1.0,0.0,True,cll,0.3045,1.495233,0.2,0.0,3,0.9,10.0,O2
0.8994517443171862,3.089774114085443,0.68485,94.47281618733167,1.0,0.0,True,cll,0.32675,1.495233,0.2,2.0,3,0.9,10.0,O2
0.896575228282571,3.0701137016635287,0.68885,93.62385644221004,1.0,0.0,True,cll,0.43375,1.495233,0.2,5.0,3,0.9,10.0,O2
0.9,3.093272802941077,0.46655,138.76143072369962,1.0,0.0,True,cll,0.3065,1.495233,0.5,0.0,3,0.9,10.0,O2
0.8994517443171862,3.089774114085443,0.46795,138.26201125311275,1.0,0.0,True,cll,0.3291666666666666,1.495233,0.5,2.0,3,0.9,10.0,O2
0.896575228282571,3.0701137016635287,0.47315,136.30517491327566,1.0,0.0,True,cll,0.43575,1.495233,0.5,5.0,3,0.9,10.0,O2
0.899925,3.0932869750293843,0.335,193.2350763443285,0.9999166666666668,0.0,True,cll,0.32075,1.495233,0.8,0.0,3,0.9,10.0,O2
0.8992268813811068,3.0898127454335915,0.3358,192.62517343315255,0.99975,0.0,True,cll,0.34025,1.495233,0.8,2.0,3,0.9,10.0,O2
0.8964257990778572,3.0701311282799213,0.34,189.6530726802883,0.9998333333333334,0.0,True,cll,0.45575,1.495233,0.8,5.0,3,0.9,10.0,O2
0.7701,3.1132525170171905,0.2696,205.4715461289969,0.8556666666666667,0.0,True,cll,2.133,1.495233,1.0,0.0,3,0.9,10.0,O2
0.7613109472524717,3.1114674736953933,0.2733,200.37655075039228,0.8464166666666667,0.0,True,cll,2.283583333333333,1.495233,1.0,2.0,3,0.9,10.0,O2
0.7117313020516475,3.0987773981196125,0.26655,192.07101575011603,0.7938333333333333,0.0,True,cll,2.983083333333333,1.495233,1.0,5.0,3,0.9,10.0,O2
0.8,3.106862566294904,0.99905,64.80070617500832,1.0,0.0,True,cll,0.5081666666666667,2.21373,0.0,0.0,5,0.8,10.0,O2
0.7995126616152767,3.103327521283453,0.999,64.76447263853264,1.0,0.0,True,cll,0.54225,2.21373,0.0,2.0,5,0.8,10.0,O2
0.7969557584733965,3.0836253878285227,0.9996,64.51860095059662,1.0,0.0,True,cll,0.7256666666666667,2.21373,0.0,5.0,5,0.8,10.0,O2
0.8,3.106862566294904,0.59455,108.8876385571307,1.0,0.0,True,cll,0.5083333333333333,2.21373,0.2,0.0,5,0.8,10.0,O2
0.7995126616152767,3.103327521283453,0.58965,109.72561378087696,1.0,0.0,True,cll,0.55075,2.21373,0.2,2.0,5,0.8,10.0,O2
0.7969557584733965,3.0836253878285227,0.58805,109.67229574052612,1.0,0.0,True,cll,0.7343333333333333,2.21373,0.2,5.0,5,0.8,10.0,O2
0.8,3.106862566294904,0.36875,175.56378441801235,1.0,0.0,True,cll,0.51925,2.21373,0.5,0.0,5,0.8,10.0,O2
0.7995126616152767,3.103327521283453,0.36955,175.07700761979194,1.0,0.0,True,cll,0.56175,2.21373,0.5,2.0,5,0.8,10.0,O2
0.7969557584733965,3.0836253878285227,0.36865,174.9431534252445,1.0,0.0,True,cll,0.7519166666666667,2.21373,0.5,5.0,5,0.8,10.0,O2
0.7993333333333333,3.106962655928619,0.2458,263.16190486664743,0.9991666666666666,0.0,True,cll,0.6073333333333333,2.21373,0.8,0.0,5,0.8,10.0,O2
0.7985132707882575,3.1034965542068886,0.2457,262.9989154688105,0.99875,0.0,True,cll,0.6788333333333333,2.21373,0.8,2.0,5,0.8,10.0,O2
0.7956274988759408,3.0838514940430986,0.2472,260.458355667608,0.9983333333333332,0.0,True,cll,0.92825,2.21373,0.8,5.0,5,0.8,10.0,O2
0.6052,3.1379790913982872,0.19,257.7640188099129,0.7565,0.0,True,cll,6.88575,2.21373,1.0,0.0,5,0.8,10.0,O2
0.5925721343671891,3.13682088457657,0.19215,249.5616291211129,0.7411666666666666,0.0,True,cll,7.474333333333333,2.21373,1.0,2.0,5,0.8,10.0,O2
0.5249946058943499,3.127213102066505,0.186,228.4119770153497,0.65875,0.0,True,cll,9.412416666666669,2.21373,1.0,5.0,5,0.8,10.0,O2
0.9,3.093272802941077,0.99905,64.80070617500833,1.0,0.0,True,cll,0.5081666666666667,2.490075,0.0,0.0,5,0.9,10.0,O2
0.8994517443171862,3.089774114085443,0.999,64.76447263853265,1.0,0.0,True,cll,0.54225,2.490075,0.0,2.0,5,0.9,10.0,O2
0.896575228282571,3.0701137016635287,0.9996,64.51860095059662,1.0,0.0,True,cll,0.7256666666666667,2.490075,0.0,5.0,5,0.9,10.0,O2
0.9,3.093272802941077,0.59455,108.8876385571307,1.0,0.0,True,cll,0.5083333333333333,2.490075,0.2,0.0,5,0.9,10.0,O2
0.8994517443171862,3.089774114085443,0.58965,109.72561378087698,1.0,0.0,True,cll,0.55075,2.490075,0.2,2.0,5,0.9,10.0,O2
0.896575228282571,3.0701137016635287,0.58805,109.67229574052612,1.0,0.0,True,cll,0.7343333333333333,2.490075,0.2,5.0,5,0.9,10.0,O2
0.9,3.093272802941077,0.36875,175.56378441801235,1.0,0.0,True,cll,0.51925,2.490075,0.5,0.0,5,0.9,10.0,O2
0.8994517443171862,3.089774114085443,0.36955,175.07700761979194,1.0,0.0,True,cll,0.56175,2.490075,0.5,2.0,5,0.9,10.0,O2
0.896575228282571,3.0701137016635287,0.36865,174.9431534252445,1.0,0.0,True,cll,0.7519166666666667,2.490075,0.5,5.0,5,0.9,10.0,O2
0.89925,3.093385403779006,0.2458,263.1619048666475,0.9991666666666666,0.0,True,cll,0.6073333333333333,2.490075,0.8,0.0,5,0.9,10.0,O2
0.8983274296367898,3.089964276124308,0.2457,262.99891546881054,0.99875,0.0,True,cll,0.6788333333333333,2.490075,0.8,2.0,5,0.9,10.0,O2
0.8950809362354334,3.0703680711549266,0.2472,260.458355667608,0.9983333333333332,0.0,True,cll,0.92825,2.490075,0.8,5.0,5,0.9,10.0,O2
0.68085,3.1282788936823827,0.19,257.7640188099129,0.7565,0.0,True,cll,6.88575,2.490075,1.0,0.0,5,0.9,10.0,O2
0.6666436511630879,3.1274541477902,0.19215,249.56162912111296,0.7411666666666666,0.0,True,cll,7.474333333333333,2.490075,1.0,2.0,5,0.9,10.0,O2
0.5906189316311435,3.1191498801812583,0.186,228.4119770153497,0.65875,0.0,True,cll,9.412416666666669,2.490075,1.0,5.0,5,0.9,10.0,O2
0.8,3.106862566294904,0.99955,64.76829123519789,1.0,0.0,True,cll,1.0225833333333334,4.42449,0.0,0.0,10,0.8,10.0,O2
0.7995126616152767,3.103327521283453,0.99965,64.72236099224138,1.0,0.0,True,cll,1.0896666666666666,4.42449,0.0,2.0,10,0.8,10.0,O2
0.7969557584733965,3.0836253878285227,0.99975,64.50892074040148,1.0,0.0,True,cll,1.4419166666666667,4.42449,0.0,5.0,10,0.8,10.0,O2
0.8,3.106862566294904,0.44445,145.6612566186119,1.0,0.0,True,cll,1.053583333333333,4.42449,0.2,0.0,10,0.8,10.0,O2
0.7995126616152767,3.103327521283453,0.44525,145.31096724512994,1.0,0.0,True,cll,1.125916666666667,4.42449,0.2,2.0,10,0.8,10.0,O2
0.7969557584733965,3.0836253878285227,0.44335,145.466997880267,1.0,0.0,True,cll,1.4828333333333332,4.42449,0.2,5.0,10,0.8,10.0,O2
0.7996000000000001,3.1069414572344733,0.2396,270.06166916272946,0.9995,0.0,True,cll,1.18375,4.42449,0.5,0.0,10,0.8,10.0,O2
0.7993127834498729,3.1033600626564395,0.24265,266.57133005914955,0.99975,0.0,True,cll,1.2573333333333334,4.42449,0.5,2.0,10,0.8,10.0,O2
0.7966236935740326,3.0836821506067427,0.2369,272.1229274500653,0.9995833333333334,0.0,True,cll,1.6610833333333332,4.42449,0.5,5.0,10,0.8,10.0,O2
0.779,3.1103539867128696,0.1468,429.4260417892257,0.97375,8.333333333333333e-05,True,cll,4.045166666666667,4.42449,0.8,0.0,10,0.8,10.0,O2
0.7734618740576455,3.107688138624396,0.1422,440.1657947127665,0.9674166666666668,8.333333333333333e-05,True,cll,4.73975,4.42449,0.8,2.0,10,0.8,10.0,O2
0.7580377522679457,3.090361012514256,0.14685,417.7282630380262,0.9511666666666668,8.333333333333333e-05,True,cll,6.727833333333334,4.42449,0.8,5.0,10,0.8,10.0,O2
0.4494,3.164639427545881,0.1092,333.0331042761153,0.56175,8.333333333333333e-05,True,cll,31.849916666666665,4.42449,1.0,0.0,10,0.8,10.0,O2
0.4296714295630766,3.162975090211654,0.1097,316.9617274094888,0.5374166666666667,8.333333333333333e-05,True,cll,33.74125,4.42449,1.0,2.0,10,0.8,10.0,O2
0.3579659615143005,3.1550452180810744,0.109,265.7615879358305,0.4491666666666666,0.00025,True,cll,36.76175,4.42449,1.0,5.0,10,0.8,10.0,O2
0.9,3.093272802941077,0.99955,64.7682912351979,1.0,0.0,True,cll,1.0225833333333334,4.97718,0.0,0.0,10,0.9,10.0,O2
0.8994517443171862,3.089774114085443,0.99965,64.72236099224139,1.0,0.0,True,cll,1.0896666666666666,4.97718,0.0,2.0,10,0.9,10.0,O2
0.896575228282571,3.0701137016635287,0.99975,64.50892074040148,1.0,0.0,True,cll,1.4419166666666667,4.97718,0.0,5.0,10,0.9,10.0,O2
0.9,3.093272802941077,0.44445,145.6612566186119,1.0,0.0,True,cll,1.053583333333333,4.97718,0.2,0.0,10,0.9,10.0,O2
0.8994517443171862,3.089774114085443,0.44525,145.31096724512994,1.0,0.0,True,cll,1.125916666666667,4.97718,0.2,2.0,10,0.9,10.0,O2
0.896575228282571,3.0701137016635287,0.44335,145.466997880267,1.0,0.0,True,cll,1.4828333333333332,4.97718,0.2,5.0,10,0.9,10.0,O2
0.8995500000000001,3.0933615552480926,0.2396,270.0616691627295,0.9995,0.0,True,cll,1.18375,4.97718,0.5,0.0,10,0.9,10.0,O2
0.8992268813811068,3.089810723130053,0.24265,266.57133005914955,0.99975,0.0,True,cll,1.2573333333333334,4.97718,0.5,2.0,10,0.9,10.0,O2
0.8962016552707865,3.0701775597890264,0.2369,272.1229274500652,0.9995833333333334,0.0,True,cll,1.6610833333333332,4.97718,0.5,5.0,10,0.9,10.0,O2
0.876375,3.0972006509112875,0.1468,429.4260417892257,0.97375,8.333333333333333e-05,True,cll,4.045166666666667,4.97718,0.8,0.0,10,0.9,10.0,O2
0.8701446083148513,3.094679808594004,0.1422,440.16579471276657,0.9674166666666668,8.333333333333333e-05,True,cll,4.73975,4.97718,0.8,2.0,10,0.9,10.0,O2
0.8527924713014389,3.077691279434979,0.14685,417.7282630380262,0.9511666666666668,8.333333333333333e-05,True,cll,6.727833333333334,4.97718,0.8,5.0,10,0.9,10.0,O2
0.505575,3.158271771848426,0.1092,333.0331042761154,0.56175,8.333333333333333e-05,True,cll,31.849916666666665,4.97718,1.0,0.0,10,0.9,10.0,O2
0.4833803582584611,3.15687762912967,0.1097,316.96172740948884,0.5374166666666667,8.333333333333333e-05,True,cll,33.74125,4.97718,1.0,2.0,10,0.9,10.0,O2
0.4027117067035881,3.15046101069765,0.109,265.7615879358305,0.4491666666666666,0.00025,True,cll,36.76175,4.97718,1.0,5.0,10,0.9,10.0,O2
0.8,3.106862566294904,0.99965,64.7618121383905,1.0,0.0,True,cll,2.0424166666666665,8.84601,0.0,0.0,20,0.8,10.0,O2
0.7995126616152767,3.103327521283453,0.9996,64.7255984052562,1.0,0.0,True,cll,2.18125,8.84601,0.0,2.0,20,0.8,10.0,O2
0.7969557584733965,3.0836253878285227,0.9998,64.5056946491462,1.0,0.0,True,cll,2.8891666666666667,8.84601,0.0,5.0,20,0.8,10.0,O2
0.8,3.106862566294904,0.3101,208.76860852674,1.0,0.0,True,cll,2.1771666666666665,8.84601,0.2,0.0,20,0.8,10.0,O2
0.7995126616152767,3.103327521283453,0.30745,210.4397728602833,1.0,0.0,True,cll,2.335833333333333,8.84601,0.2,2.0,20,0.8,10.0,O2
0.7969557584733965,3.0836253878285227,0.3016,213.8355222487281,1.0,0.0,True,cll,3.0475833333333333,8.84601,0.2,5.0,20,0.8,10.0,O2
0.7931333333333334,3.1078343451170367,0.1499,428.1752357475973,0.9914166666666666,0.00075,True,cll,4.352166666666666,8.84601,0.5,0.0,20,0.8,10.0,O2
0.7903848920618356,3.10494930018844,0.1512,423.022838388449,0.9885833333333334,0.0003333333333333,True,cll,4.71225,8.84601,0.5,2.0,20,0.8,10.0,O2
0.7814151211831653,3.086329820196799,0.14975,422.2716797113,0.9805,8.333333333333333e-05,True,cll,7.5595,8.84601,0.5,5.0,20,0.8,10.0,O2
0.6336,3.1354801126886387,0.0824,622.2500393116567,0.792,0.0,True,cll,53.78641666666667,8.84601,0.8,0.0,20,0.8,10.0,O2
0.6277506914782615,3.132932281271482,0.0849,598.3516395161507,0.7851666666666667,8.333333333333333e-05,True,cll,55.97925,8.84601,0.8,2.0,20,0.8,10.0,O2
0.5762654263561384,3.121589478185296,0.08475,550.2497239804793,0.7230833333333333,0.0001666666666666,True,cll,68.50166666666667,8.84601,0.8,5.0,20,0.8,10.0,O2
0.2831333333333333,3.192019548626342,0.06005,381.55308209282725,0.3539166666666666,0.0,True,cll,117.40466666666669,8.84601,1.0,0.0,20,0.8,10.0,O2
0.2695690190746174,3.1911716976271327,0.06115,356.7389196500512,0.3371666666666666,0.0,True,cll,116.4255,8.84601,1.0,2.0,20,0.8,10.0,O2
0.210595559176595,3.181119870672086,0.0603,282.6238919581207,0.26425,0.0,True,cll,113.1065,8.84601,1.0,5.0,20,0.8,10.0,O2
0.9,3.093272802941077,0.99965,64.7618121383905,1.0,0.0,True,cll,2.0424166666666665,9.95139,0.0,0.0,20,0.9,10.0,O2
0.8994517443171862,3.089774114085443,0.9996,64.7255984052562,1.0,0.0,True,cll,2.18125,9.95139,0.0,2.0,20,0.9,10.0,O2
0.896575228282571,3.0701137016635287,0.9998,64.5056946491462,1.0,0.0,True,cll,2.8891666666666667,9.95139,0.0,5.0,20,0.9,10.0,O2
0.9,3.093272802941077,0.3101,208.76860852674,1.0,0.0,True,cll,2.1771666666666665,9.95139,0.2,0.0,20,0.9,10.0,O2
0.8994517443171862,3.089774114085443,0.30745,210.4397728602833,1.0,0.0,True,cll,2.335833333333333,9.95139,0.2,2.0,20,0.9,10.0,O2
0.896575228282571,3.0701137016635287,0.3016,213.83552224872807,1.0,0.0,True,cll,3.0475833333333333,9.95139,0.2,5.0,20,0.9,10.0,O2
0.8922749999999999,3.0943660541159765,0.1499,428.1752357475973,0.9914166666666666,0.00075,True,cll,4.352166666666666,9.95139,0.5,0.0,20,0.9,10.0,O2
0.889183003569565,3.0915986153535537,0.1512,423.022838388449,0.9885833333333334,0.0003333333333333,True,cll,4.71225,9.95139,0.5,2.0,20,0.9,10.0,O2
0.879092011331061,3.073156188077839,0.14975,422.2716797113,0.9805,8.333333333333333e-05,True,cll,7.5595,9.95139,0.5,5.0,20,0.9,10.0,O2
0.7128000000000001,3.1254675426340284,0.0824,622.2500393116568,0.792,0.0,True,cll,53.78641666666667,9.95139,0.8,0.0,20,0.9,10.0,O2
0.706219527913044,3.123079469071976,0.0849,598.3516395161507,0.7851666666666667,8.333333333333333e-05,True,cll,55.97925,9.95139,0.8,2.0,20,0.9,10.0,O2
0.6482986046506557,3.112823303314898,0.08475,550.2497239804794,0.7230833333333333,0.0001666666666666,True,cll,68.50166666666667,9.95139,0.8,5.0,20,0.9,10.0,O2
0.318525,3.1890744080639446,0.06005,381.55308209282725,0.3539166666666666,0.0,True,cll,117.40466666666669,9.95139,1.0,0.0,20,0.9,10.0,O2
0.3032651464589446,3.1885988124720828,0.06115,356.7389196500512,0.3371666666666666,0.0,True,cll,116.4255,9.95139,1.0,2.0,20,0.9,10.0,O2
0.2369200040736693,3.179794994862537,0.0603,282.6238919581207,0.26425,0.0,True,cll,113.1065,9.95139,1.0,5.0,20,0.9,10.0,O2
0.8,3.106862566294904,0.9995,64.77153126977694,1.0,0.0,True,maxwell,0.3035833333333333,1.329426,0.0,0.0,3,0.8,10.0,O2
0.7995126616152767,3.103327521283453,0.9994,64.73855129667211,1.0,0.0,True,maxwell,0.325,1.329426,0.0,2.0,3,0.8,10.0,O2
0.7969557584733965,3.0836253878285227,0.99955,64.52182833296621,1.0,0.0,True,maxwell,0.4308333333333333,1.329426,0.0,5.0,3,0.8,10.0,O2
0.7768,3.1097549602146755,0.68705,91.49510266286578,0.971,0.0,True,maxwell,0.6256666666666667,1.329426,0.2,0.0,3,0.8,10.0,O2
0.77526077754628,3.1065963157862564,0.6911,90.77868666116142,0.9696666666666668,0.0,True,maxwell,0.6905833333333333,1.329426,0.2,2.0,3,0.8,10.0,O2
0.763417203637641,3.0879768281004987,0.6888,89.69036263549377,0.9579166666666666,0.0,True,maxwell,0.9185833333333332,1.329426,0.2,5.0,3,0.8,10.0,O2
0.7388666666666667,3.1157601749163537,0.4724,126.5706939074242,0.9235833333333332,0.0,True,maxwell,1.1155833333333334,1.329426,0.5,0.0,3,0.8,10.0,O2
0.7381500648363042,3.1120222491428904,0.47375,126.08761068952346,0.92325,0.0,True,maxwell,1.1866666666666668,1.329426,0.5,2.0,3,0.8,10.0,O2
0.7114822533771247,3.095817169553064,0.47015,122.46291908166684,0.89275,0.0,True,maxwell,1.57525,1.329426,0.5,5.0,3,0.8,10.0,O2
0.7030000000000001,3.121520102168506,0.34435,165.20843360466048,0.87875,0.0,True,maxwell,1.7011666666666667,1.329426,0.8,0.0,3,0.8,10.0,O2
0.6985075620312134,3.1184457829430725,0.3473,162.7583598260951,0.8736666666666667,0.0,True,maxwell,1.8175,1.329426,0.8,2.0,3,0.8,10.0,O2
0.6617389314524103,3.1036390328731747,0.34515,155.15143042536965,0.8303333333333334,0.0,True,maxwell,2.4479166666666665,1.329426,0.8,5.0,3,0.8,10.0,O2
0.6826,3.125015316113049,0.2719,203.15805774699967,0.85325,0.0,True,maxwell,2.1918333333333333,1.329426,1.0,0.0,3,0.8,10.0,O2
0.675721451175178,3.122606574840447,0.27845,196.380092242323,0.8451666666666666,0.0,True,maxwell,2.3266666666666667,1.329426,1.0,2.0,3,0.8,10.0,O2
0.6292629842946194,3.1099945352649563,0.27055,188.2182032000555,0.7895833333333333,0.0,True,maxwell,3.1209166666666666,1.329426,1.0,5.0,3,0.8,10.0,O2
0.9,3.093272802941077,0.9995,64.77153126977696,1.0,0.0,True,maxwell,0.3035833333333333,1.495233,0.0,0.0,3,0.9,10.0,O2
0.8994517443171862,3.089774114085443,0.9994,64.73855129667211,1.0,0.0,True,maxwell,0.325,1.495233,0.0,2.0,3,0.9,10.0,O2
0.896575228282571,3.0701137016635287,0.99955,64.52182833296621,1.0,0.0,True,maxwell,0.4308333333333333,1.495233,0.0,5.0,3,0.9,10.0,O2
0.8739,3.0965267461008192,0.68705,91.4951026628658,0.971,0.0,True,maxwell,0.6256666666666667,1.495233,0.2,0.0,3,0.9,10.0,O2
0.8721683747395649,3.0934515079010967,0.6911,90.77868666116142,0.9696666666666668,0.0,True,maxwell,0.6905833333333333,1.495233,0.2,2.0,3,0.9,10.0,O2
0.8588443540923462,3.075009071969502,0.6888,89.69036263549378,0.9579166666666666,0.0,True,maxwell,0.9185833333333332,1.495233,0.2,5.0,3,0.9,10.0,O2
0.831225,3.1032826126402075,0.4724,126.57069390742424,0.9235833333333332,0.0,True,maxwell,1.1155833333333334,1.495233,0.5,0.0,3,0.9,10.0,O2
0.8304188229408421,3.0995556829273103,0.47375,126.08761068952344,0.92325,0.0,True,maxwell,1.1866666666666668,1.495233,0.5,2.0,3,0.9,10.0,O2
0.8004175350492653,3.0838294561036377,0.47015,122.46291908166688,0.89275,0.0,True,maxwell,1.57525,1.495233,0.5,5.0,3,0.9,10.0,O2
0.790875,3.109762530798879,0.34435,165.20843360466048,0.87875,0.0,True,maxwell,1.7011666666666667,1.495233,0.8,0.0,3,0.9,10.0,O2
0.785821007285115,3.1067821584525146,0.3473,162.75835982609505,0.8736666666666667,0.0,True,maxwell,1.8175,1.495233,0.8,2.0,3,0.9,10.0,O2
0.7444562978839615,3.0926290523387623,0.34515,155.15143042536968,0.8303333333333334,0.0,True,maxwell,2.4479166666666665,1.495233,0.8,5.0,3,0.9,10.0,O2
0.767925,3.11369464648649,0.2719,203.1580577469997,0.85325,0.0,True,maxwell,2.1918333333333333,1.495233,1.0,0.0,3,0.9,10.0,O2
0.7601866325720751,3.1114630493370616,0.27845,196.38009224232297,0.8451666666666666,0.0,True,maxwell,2.3266666666666667,1.495233,1.0,2.0,3,0.9,10.0,O2
0.7079208573314466,3.0997789925295165,0.27055,188.21820320005548,0.7895833333333333,0.0,True,maxwell,3.1209166666666666,1.495233,1.0,5.0,3,0.9,10.0,O2
0.8,3.106862566294904,0.99945,64.77477162853776,1.0,0.0,True,maxwell,0.5081666666666667,2.21373,0.0,0.0,5,0.8,10.0,O2
0.7995126616152767,3.103327521283453,0.99955,64.72883614215807,1.0,0.0,True,maxwell,0.54225,2.21373,0.0,2.0,5,0.8,10.0,O2
0.7969557584733965,3.0836253878285227,0.99905,64.55411992414432,1.0,0.0,True,maxwell,0.7256666666666667,2.21373,0.0,5.0,5,0.8,10.0,O2
0.7614666666666667,3.1119518032900504,0.59165,104.15089438411091,0.9518333333333332,0.0,True,maxwell,1.4495833333333332,2.21373,0.2,0.0,5,0.8,10.0,O2
0.7588707679831668,3.108665229789379,0.5873,104.56462852737582,0.9491666666666668,0.0,True,maxwell,1.5435833333333333,2.21373,0.2,2.0,5,0.8,10.0,O2
0.7403054866419125,3.09144290617568,0.58895,101.72074161054732,0.9289166666666666,0.0,True,maxwell,1.9755833333333328,2.21373,0.2,5.0,5,0.8,10.0,O2
0.6994666666666667,3.121692165997596,0.3677,153.93960534617406,0.8743333333333333,0.0,True,maxwell,2.990083333333333,2.21373,0.5,0.0,5,0.8,10.0,O2
0.694176868447464,3.119147165706091,0.36515,153.8423158018282,0.86825,0.0,True,maxwell,3.313083333333333,2.21373,0.5,2.0,5,0.8,10.0,O2
0.659015999277626,3.10380626858745,0.36685,145.37322020850416,0.8269166666666666,0.0,True,maxwell,4.168166666666667,2.21373,0.5,5.0,5,0.8,10.0,O2
0.6420666666666667,3.1310153163227867,0.24505,212.03247988519084,0.8025833333333333,0.0,True,maxwell,5.0715,2.21373,0.8,0.0,5,0.8,10.0,O2
0.6278839435885306,3.1301086192556067,0.2461,206.46419130278548,0.7853333333333333,0.0,True,maxwell,5.487666666666667,2.21373,0.8,2.0,5,0.8,10.0,O2
0.5765310782756297,3.1176798099997947,0.2431,191.9175718024779,0.7234166666666667,0.0,True,maxwell,7.05625,2.21373,0.8,5.0,5,0.8,10.0,O2
0.6034666666666667,3.138503653416852,0.19215,254.14985909597272,0.7543333333333333,0.0,True,maxwell,6.869833333333333,2.21373,1.0,0.0,5,0.8,10.0,O2
0.5896405879412666,3.13659110119468,0.1905,250.4778728207187,0.7375,0.0,True,maxwell,7.375166666666667,2.21373,1.0,2.0,5,0.8,10.0,O2
0.5281824289282435,3.1266095003365484,0.18855,226.69105753856223,0.66275,0.0,True,maxwell,9.47075,2.21373,1.0,5.0,5,0.8,10.0,O2
0.9,3.093272802941077,0.99945,64.77477162853776,1.0,0.0,True,maxwell,0.5081666666666667,2.490075,0.0,0.0,5,0.9,10.0,O2
0.8994517443171862,3.089774114085443,0.99955,64.72883614215807,1.0,0.0,True,maxwell,0.54225,2.490075,0.0,2.0,5,0.9,10.0,O2
0.896575228282571,3.0701137016635287,0.99905,64.55411992414432,1.0,0.0,True,maxwell,0.7256666666666667,2.490075,0.0,5.0,5,0.9,10.0,O2
0.85665,3.0989981945606164,0.59165,104.15089438411091,0.9518333333333332,0.0,True,maxwell,1.4495833333333332,2.490075,0.2,0.0,5,0.9,10.0,O2
0.8537296139810626,3.09577903615461,0.5873,104.56462852737585,0.9491666666666668,0.0,True,maxwell,1.5435833333333333,2.490075,0.2,2.0,5,0.9,10.0,O2
0.8328436724721516,3.07890840980408,0.58895,101.72074161054732,0.9289166666666666,0.0,True,maxwell,1.9755833333333328,2.490075,0.2,5.0,5,0.9,10.0,O2
0.7868999999999999,3.109956102606605,0.3677,153.93960534617406,0.8743333333333333,0.0,True,maxwell,2.990083333333333,2.490075,0.5,0.0,5,0.9,10.0,O2
0.7809489770033969,3.107571214060911,0.36515,153.8423158018282,0.86825,0.0,True,maxwell,3.313083333333333,2.490075,0.5,2.0,5,0.9,10.0,O2
0.7413929991873294,3.0928171925173222,0.36685,145.37322020850422,0.8269166666666666,0.0,True,maxwell,4.168166666666667,2.490075,0.5,5.0,5,0.9,10.0,O2
0.722325,3.120444646722445,0.24505,212.03247988519084,0.8025833333333333,0.0,True,maxwell,5.0715,2.490075,0.8,0.0,5,0.9,10.0,O2
0.7063694365370968,3.119902849304116,0.2461,206.46419130278545,0.7853333333333333,0.0,True,maxwell,5.487666666666667,2.490075,0.8,2.0,5,0.9,10.0,O2
0.6485974630600833,3.10842492660621,0.2431,191.91757180247788,0.7234166666666667,0.0,True,maxwell,7.05625,2.490075,0.8,5.0,5,0.9,10.0,O2
0.6789,3.1288690259532674,0.19215,254.14985909597272,0.7543333333333333,0.0,True,maxwell,6.869833333333333,2.490075,1.0,0.0,5,0.9,10.0,O2
0.6633456614339249,3.127195641485573,0.1905,250.4778728207187,0.7375,0.0,True,maxwell,7.375166666666667,2.490075,1.0,2.0,5,0.9,10.0,O2
0.5942052325442739,3.1184708282350577,0.18855,226.69105753856223,0.66275,0.0,True,maxwell,9.47075,2.490075,1.0,5.0,5,0.9,10.0,O2
0.8,3.106862566294904,0.999,64.80394945359566,1.0,0.0,True,maxwell,1.0225833333333334,4.42449,0.0,0.0,10,0.8,10.0,O2
0.7995126616152767,3.103327521283453,0.99945,64.73531258781742,1.0,0.0,True,maxwell,1.0896666666666666,4.42449,0.0,2.0,10,0.8,10.0,O2
0.7969557584733965,3.0836253878285227,0.9997,64.5121471543627,1.0,0.0,True,maxwell,1.4419166666666667,4.42449,0.0,5.0,10,0.8,10.0,O2
0.7212666666666667,3.118528687061829,0.451,129.41848026779616,0.9015833333333332,0.0,True,maxwell,4.69,4.42449,0.2,0.0,10,0.8,10.0,O2
0.7202942820602297,3.114831044258328,0.4413,132.08485251557545,0.9009166666666668,0.0,True,maxwell,4.97775,4.42449,0.2,2.0,10,0.8,10.0,O2
0.6904293387574525,3.099287303837321,0.4475,124.85420508979696,0.8663333333333333,0.0,True,maxwell,6.533166666666666,4.42449,0.2,5.0,10,0.8,10.0,O2
0.609,3.1365745439587744,0.2358,209.00201236229063,0.76125,0.00025,True,maxwell,12.14425,4.42449,0.5,0.0,10,0.8,10.0,O2
0.6037653116298032,3.1339137028630715,0.2441,200.1600284717098,0.7551666666666667,0.00025,True,maxwell,12.564666666666668,4.42449,0.5,2.0,10,0.8,10.0,O2
0.547641432030969,3.12285429038983,0.2391,185.3504723564911,0.6871666666666667,0.0004166666666666,True,maxwell,15.369166666666668,4.42449,0.5,5.0,10,0.8,10.0,O2
0.5104000000000001,3.153540425295964,0.14635,282.22463157938256,0.638,0.0,True,maxwell,22.85408333333333,4.42449,0.8,0.0,10,0.8,10.0,O2
0.4940988248782409,3.1521787996098776,0.15125,264.3597993158516,0.618,0.0001666666666666,True,maxwell,23.51933333333333,4.42449,0.8,2.0,10,0.8,10.0,O2
0.4300240446762701,3.1423968103508284,0.14845,234.4172212746441,0.5395833333333333,0.0,True,maxwell,27.367416666666667,4.42449,0.8,5.0,10,0.8,10.0,O2
0.4500666666666666,3.163875768762679,0.10915,333.6799292246626,0.5625833333333333,0.0,True,maxwell,32.11175,4.42449,1.0,0.0,10,0.8,10.0,O2
0.4333358625954799,3.1631071368767296,0.10945,320.39508292292925,0.542,0.0001666666666666,True,maxwell,32.926,4.42449,1.0,2.0,10,0.8,10.0,O2
0.3548445514602797,3.1553549214245136,0.10845,264.7802333833457,0.44525,8.333333333333333e-05,True,maxwell,37.25075,4.42449,1.0,5.0,10,0.8,10.0,O2
0.9,3.093272802941077,0.999,64.80394945359566,1.0,0.0,True,maxwell,1.0225833333333334,4.97718,0.0,0.0,10,0.9,10.0,O2
0.8994517443171862,3.089774114085443,0.99945,64.73531258781742,1.0,0.0,True,maxwell,1.0896666666666666,4.97718,0.0,2.0,10,0.9,10.0,O2
0.896575228282571,3.0701137016635287,0.9997,64.51214715436268,1.0,0.0,True,maxwell,1.4419166666666667,4.97718,0.0,5.0,10,0.9,10.0,O2
0.811425,3.106397188803868,0.451,129.41848026779616,0.9015833333333332,0.0,True,maxwell,4.69,4.97718,0.2,0.0,10,0.9,10.0,O2
0.8103310673177584,3.1027155774321766,0.4413,132.08485251557542,0.9009166666666668,0.0,True,maxwell,4.97775,4.97718,0.2,2.0,10,0.9,10.0,O2
0.7767330061021339,3.087733357173427,0.4475,124.8542050897969,0.8663333333333333,0.0,True,maxwell,6.533166666666666,4.97718,0.2,5.0,10,0.9,10.0,O2
0.685125,3.1266987778129307,0.2358,209.00201236229069,0.76125,0.00025,True,maxwell,12.14425,4.97718,0.5,0.0,10,0.9,10.0,O2
0.6792359755835284,3.1241835683625143,0.2441,200.16002847170984,0.7551666666666667,0.00025,True,maxwell,12.564666666666668,4.97718,0.5,2.0,10,0.9,10.0,O2
0.61609661103484,3.1142462170450003,0.2391,185.3504723564911,0.6871666666666667,0.0004166666666666,True,maxwell,15.369166666666668,4.97718,0.5,5.0,10,0.9,10.0,O2
0.5742,3.145785394317269,0.14635,282.22463157938256,0.638,0.0,True,maxwell,22.85408333333333,4.97718,0.8,0.0,10,0.9,10.0,O2
0.555861177988021,3.1447318022026707,0.15125,264.35979931585166,0.618,0.0001666666666666,True,maxwell,23.51933333333333,4.97718,0.8,2.0,10,0.9,10.0,O2
0.4837770502608039,3.1362315520011226,0.14845,234.4172212746441,0.5395833333333333,0.0,True,maxwell,27.367416666666667,4.97718,0.8,5.0,10,0.9,10.0,O2
0.506325,3.1574126557173234,0.10915,333.6799292246626,0.5625833333333333,0.0,True,maxwell,32.11175,4.97718,1.0,0.0,10,0.9,10.0,O2
0.4875028454199149,3.15702618162788,0.10945,320.3950829229293,0.542,0.0001666666666666,True,maxwell,32.926,4.97718,1.0,2.0,10,0.9,10.0,O2
0.3992001203928147,3.1508094269590186,0.10845,264.7802333833458,0.44525,8.333333333333333e-05,True,maxwell,37.25075,4.97718,1.0,5.0,10,0.9,10.0,O2
0.8,3.106862566294904,0.9997,64.75857307606488,1.0,0.0,True,maxwell,2.0424166666666665,8.84601,0.0,0.0,20,0.8,10.0,O2
0.7995126616152767,3.103327521283453,0.99975,64.71588713767852,1.0,0.0,True,maxwell,2.18125,8.84601,0.0,2.0,20,0.8,10.0,O2
0.7969557584733965,3.0836253878285227,0.99985,64.50246888054846,1.0,0.0,True,maxwell,2.8891666666666667,8.84601,0.0,5.0,20,0.8,10.0,O2
0.6583333333333333,3.1284115154035192,0.30815,172.88632750646406,0.8229166666666666,0.0,True,maxwell,16.363333333333333,8.84601,0.2,0.0,20,0.8,10.0,O2
0.6529353403191426,3.125701169624036,0.3118,169.46149776185646,0.8166666666666667,0.0,True,maxwell,17.98075,8.84601,0.2,2.0,20,0.8,10.0,O2
0.6137223470043881,3.111371607914802,0.30615,162.22382950294235,0.7700833333333333,8.333333333333333e-05,True,maxwell,22.31758333333333,8.84601,0.2,5.0,20,0.8,10.0,O2
0.4861333333333333,3.1569091928471344,0.1477,266.3494973009501,0.6076666666666667,0.0,True,maxwell,46.5805,8.84601,0.5,0.0,20,0.8,10.0,O2
0.4773090589843201,3.1546751413446086,0.1475,261.8693272883985,0.597,0.0,True,maxwell,48.5685,8.84601,0.5,2.0,20,0.8,10.0,O2
0.4147490593055301,3.1443918850560464,0.146,229.8844152233455,0.5204166666666666,0.0,True,maxwell,53.268166666666666,8.84601,0.5,5.0,20,0.8,10.0,O2
0.3558666666666667,3.180046960597671,0.0838,343.6531013336419,0.4448333333333333,0.0006666666666666,True,maxwell,86.85441666666667,8.84601,0.8,0.0,20,0.8,10.0,O2
0.34105877623405,3.178301769879087,0.08425,327.5942691406645,0.4265833333333333,0.0006666666666666,True,maxwell,86.56033333333333,8.84601,0.8,2.0,20,0.8,10.0,O2
0.2761451703110318,3.1685577222389267,0.08065,277.0831116092991,0.3465,0.0008333333333333,True,maxwell,86.50083333333333,8.84601,0.8,5.0,20,0.8,10.0,O2
0.2846666666666667,3.1929963408988566,0.06005,383.6194161846886,0.3558333333333333,0.0,True,maxwell,118.404,8.84601,1.0,0.0,20,0.8,10.0,O2
0.2754321119264628,3.190307362260285,0.0614,363.0138349047316,0.3445,0.0,True,maxwell,119.16966666666669,8.84601,1.0,2.0,20,0.8,10.0,O2
0.2148459898884531,3.1796558961388515,0.0603,288.3280638550995,0.2695833333333333,0.0,True,maxwell,111.43283333333332,8.84601,1.0,5.0,20,0.8,10.0,O2
0.9,3.093272802941077,0.9997,64.75857307606488,1.0,0.0,True,maxwell,2.0424166666666665,9.95139,0.0,0.0,20,0.9,10.0,O2
0.8994517443171862,3.089774114085443,0.99975,64.71588713767852,1.0,0.0,True,maxwell,2.18125,9.95139,0.0,2.0,20,0.9,10.0,O2
0.896575228282571,3.0701137016635287,0.99985,64.50246888054846,1.0,0.0,True,maxwell,2.8891666666666667,9.95139,0.0,5.0,20,0.9,10.0,O2
0.740625,3.117515370688269,0.30815,172.88632750646408,0.8229166666666666,0.0,True,maxwell,16.363333333333333,9.95139,0.2,0.0,20,0.9,10.0,O2
0.7345522578590353,3.1149444684685994,0.3118,169.46149776185646,0.8166666666666667,0.0,True,maxwell,17.98075,9.95139,0.2,2.0,20,0.9,10.0,O2
0.6904376403799365,3.101328199260593,0.30615,162.22382950294238,0.7700833333333333,8.333333333333333e-05,True,maxwell,22.31758333333333,9.95139,0.2,5.0,20,0.9,10.0,O2
0.5469,3.149575257812336,0.1477,266.3494973009501,0.6076666666666667,0.0,True,maxwell,46.5805,9.95139,0.5,0.0,20,0.9,10.0,O2
0.5369726913573601,3.147540186654243,0.1475,261.8693272883985,0.597,0.0,True,maxwell,48.5685,9.95139,0.5,2.0,20,0.9,10.0,O2
0.4665926917187213,3.138476011044493,0.146,229.8844152233455,0.5204166666666666,0.0,True,maxwell,53.268166666666666,9.95139,0.5,5.0,20,0.9,10.0,O2
0.40035,3.1756052465316897,0.0838,343.653101333642,0.4448333333333333,0.0006666666666666,True,maxwell,86.85441666666667,9.95139,0.8,0.0,20,0.9,10.0,O2
0.3836911232633063,3.1741201437555318,0.08425,327.59426914066466,0.4265833333333333,0.0006666666666666,True,maxwell,86.56033333333333,9.95139,0.8,2.0,20,0.9,10.0,O2
0.3106633165999108,3.1656625778752336,0.08065,277.0831116092991,0.3465,0.0008333333333333,True,maxwell,86.50083333333333,9.95139,0.8,5.0,20,0.9,10.0,O2
0.32025,3.190173299370523,0.06005,383.6194161846886,0.3558333333333333,0.0,True,maxwell,118.404,9.95139,1.0,0.0,20,0.9,10.0,O2
0.3098611259172706,3.187626435184379,0.0614,363.01383490473154,0.3445,0.0,True,maxwell,119.16966666666669,9.95139,1.0,2.0,20,0.9,10.0,O2
0.2417017386245097,3.178148023512649,0.0603,288.3280638550995,0.2695833333333333,0.0,True,maxwell,111.43283333333332,9.95139,1.0,5.0,20,0.9,10.0,O2
0.8,1.564790227246002,0.9994,45.80497177726781,1.0,0.0,True,cll,0.4325833333333333,1.329426,0.0,0.0,3,0.8,10.0,O
0.7995126616152767,1.5628954315679109,0.99945,45.77477851307656,1.0,0.0,True,cll,0.4431666666666666,1.329426,0.0,2.0,3,0.8,10.0,O
0.7969557584733965,1.552454034137573,0.99955,45.62382234879472,1.0,0.0,True,cll,0.52125,1.329426,0.0,5.0,3,0.8,10.0,O
0.8,1.564790227246002,0.68775,66.56123416096175,1.0,0.0,True,cll,0.4338333333333333,1.329426,0.2,0.0,3,0.8,10.0,O
0.7995126616152767,1.5628954315679109,0.6882,66.47719032969248,1.0,0.0,True,cll,0.4484166666666667,1.329426,0.2,2.0,3,0.8,10.0,O
0.7969557584733965,1.552454034137573,0.69175,65.9245271105714,1.0,0.0,True,cll,0.5255833333333333,1.329426,0.2,5.0,3,0.8,10.0,O
0.8,1.564790227246002,0.4765,96.07028078531258,1.0,0.0,True,cll,0.4396666666666666,1.329426,0.5,0.0,3,0.8,10.0,O
0.7995126616152767,1.5628954315679109,0.47335,96.65068635237006,1.0,0.0,True,cll,0.4560833333333333,1.329426,0.5,2.0,3,0.8,10.0,O
0.7969557584733965,1.552454034137573,0.46835,97.37011130295242,1.0,0.0,True,cll,0.5350833333333334,1.329426,0.5,5.0,3,0.8,10.0,O
0.7990666666666667,1.5648895203968838,0.3424,133.53995830590404,0.9988333333333334,0.0,True,cll,0.49825,1.329426,0.8,0.0,3,0.8,10.0,O
0.7985798968433921,1.5629861807774283,0.3376,135.35612514448653,0.9988333333333334,0.0,True,cll,0.5170833333333333,1.329426,0.8,2.0,3,0.8,10.0,O
0.7960259767551775,1.5525517424966673,0.3374,135.00322403231846,0.9988333333333334,0.0,True,cll,0.6070833333333333,1.329426,0.8,5.0,3,0.8,10.0,O
0.6303333333333334,1.5834072192627409,0.2718,132.70362906217028,0.7879166666666667,0.0,True,cll,2.990666666666667,1.329426,1.0,0.0,3,0.8,10.0,O
0.6270178048717807,1.5818118013618698,0.2734,131.23308584620852,0.78425,0.0,True,cll,3.152333333333333,1.329426,1.0,2.0,3,0.8,10.0,O
0.5974511669355562,1.5744130383432786,0.27705,123.3974648054277,0.7496666666666667,0.0,True,cll,3.616333333333333,1.329426,1.0,5.0,3,0.8,10.0,O
0.9,1.555562497035126,0.9994,45.80497177726781,1.0,0.0,True,cll,0.4325833333333333,1.495233,0.0,0.0,3,0.9,10.0,O
0.8994517443171862,1.553672317259221,0.99945,45.77477851307656,1.0,0.0,True,cll,0.4431666666666666,1.495233,0.0,2.0,3,0.9,10.0,O
0.896575228282571,1.5431903027863343,0.99955,45.623822348794725,1.0,0.0,True,cll,0.52125,1.495233,0.0,5.0,3,0.9,10.0,O
0.9,1.555562497035126,0.68775,66.56123416096176,1.0,0.0,True,cll,0.4338333333333333,1.495233,0.2,0.0,3,0.9,10.0,O
0.8994517443171862,1.553672317259221,0.6882,66.47719032969249,1.0,0.0,True,cll,0.4484166666666667,1.495233,0.2,2.0,3,0.9,10.0,O
0.896575228282571,1.5431903027863343,0.69175,65.9245271105714,1.0,0.0,True,cll,0.5255833333333333,1.495233,0.2,5.0,3,0.9,10.0,O
0.9,1.555562497035126,0.4765,96.0702807853126,1.0,0.0,True,cll,0.4396666666666666,1.495233,0.5,0.0,3,0.9,10.0,O
0.8994517443171862,1.553672317259221,0.47335,96.65068635237006,1.0,0.0,True,cll,0.4560833333333333,1.495233,0.5,2.0,3,0.9,10.0,O
0.896575228282571,1.5431903027863343,0.46835,97.37011130295244,1.0,0.0,True,cll,0.5350833333333334,1.495233,0.5,5.0,3,0.9,10.0,O
0.89895,1.5556742018298684,0.3424,133.5399583059041,0.9988333333333334,0.0,True,cll,0.49825,1.495233,0.8,0.0,3,0.9,10.0,O
0.8984023839488161,1.553774410119929,0.3376,135.35612514448655,0.9988333333333334,0.0,True,cll,0.5170833333333333,1.495233,0.8,2.0,3,0.9,10.0,O
0.8955292238495747,1.5433002246903156,0.3374,135.00322403231849,0.9988333333333334,0.0,True,cll,0.6070833333333333,1.495233,0.8,5.0,3,0.9,10.0,O
0.709125,1.5765066130539578,0.2718,132.7036290621703,0.7879166666666667,0.0,True,cll,2.990666666666667,1.495233,1.0,0.0,3,0.9,10.0,O
0.7053950304807532,1.574953233277425,0.2734,131.23308584620852,0.78425,0.0,True,cll,3.152333333333333,1.495233,1.0,2.0,3,0.9,10.0,O
0.6721325628025008,1.5678941825177533,0.27705,123.39746480542772,0.7496666666666667,0.0,True,cll,3.616333333333333,1.495233,1.0,5.0,3,0.9,10.0,O
0.8,1.564790227246002,0.99965,45.79351652498518,1.0,0.0,True,cll,0.716,2.21373,0.0,0.0,5,0.8,10.0,O
0.7995126616152767,1.5628954315679109,0.9998,45.7587541357215,1.0,0.0,True,cll,0.7399166666666667,2.21373,0.0,2.0,5,0.8,10.0,O
0.7969557584733965,1.552454034137573,0.9997,45.61697672175429,1.0,0.0,True,cll,0.86725,2.21373,0.0,5.0,5,0.8,10.0,O
0.8,1.564790227246002,0.5909,77.47078827923751,1.0,0.0,True,cll,0.72825,2.21373,0.2,0.0,5,0.8,10.0,O
0.7995126616152767,1.5628954315679109,0.5984,76.45321254160154,1.0,0.0,True,cll,0.7539166666666667,2.21373,0.2,2.0,5,0.8,10.0,O
0.7969557584733965,1.552454034137573,0.5964,76.46427167796405,1.0,0.0,True,cll,0.8843333333333333,2.21373,0.2,5.0,5,0.8,10.0,O
0.7999333333333334,1.5648018047115595,0.3675,124.55421497542474,0.9999166666666668,0.0,True,cll,0.7695833333333333,2.21373,0.5,0.0,5,0.8,10.0,O
0.799446035560142,1.5629001282747916,0.366,124.98849704379496,0.9999166666666668,0.0,True,cll,0.7959166666666667,2.21373,0.5,2.0,5,0.8,10.0,O
0.7969557584733965,1.552454034137573,0.36595,124.6161815240819,1.0,0.0,True,cll,0.9370833333333334,2.21373,0.5,5.0,5,0.8,10.0,O
0.7917333333333334,1.5657774294689386,0.2463,183.9401329408365,0.9896666666666668,0.0,True,cll,1.2575,2.21373,0.8,0.0,5,0.8,10.0,O
0.792516925826143,1.5637599031212055,0.24875,182.30871704131272,0.99125,0.0,True,cll,1.319583333333333,2.21373,0.8,2.0,5,0.8,10.0,O
0.7845365312371861,1.5539062799255472,0.24745,181.42105610907228,0.9844166666666668,0.0,True,cll,1.6351666666666669,2.21373,0.8,5.0,5,0.8,10.0,O
0.5301333333333333,1.595466632753778,0.1925,157.58553718246313,0.6626666666666666,0.0,True,cll,9.335666666666668,2.21373,1.0,0.0,5,0.8,10.0,O
0.527611730610948,1.593769961746136,0.19035,158.60743423779817,0.6599166666666667,0.0,True,cll,9.3015,2.21373,1.0,2.0,5,0.8,10.0,O
0.4886667059039375,1.586749907386363,0.193,144.8829964612489,0.6131666666666666,0.0,True,cll,10.345416666666669,2.21373,1.0,5.0,5,0.8,10.0,O
0.9,1.555562497035126,0.99965,45.79351652498519,1.0,0.0,True,cll,0.716,2.490075,0.0,0.0,5,0.9,10.0,O
0.8994517443171862,1.553672317259221,0.9998,45.75875413572151,1.0,0.0,True,cll,0.7399166666666667,2.490075,0.0,2.0,5,0.9,10.0,O
0.896575228282571,1.5431903027863343,0.9997,45.61697672175429,1.0,0.0,True,cll,0.86725,2.490075,0.0,5.0,5,0.9,10.0,O
0.9,1.555562497035126,0.5909,77.47078827923751,1.0,0.0,True,cll,0.72825,2.490075,0.2,0.0,5,0.9,10.0,O
0.8994517443171862,1.553672317259221,0.5984,76.45321254160154,1.0,0.0,True,cll,0.7539166666666667,2.490075,0.2,2.0,5,0.9,10.0,O
0.896575228282571,1.5431903027863343,0.5964,76.46427167796405,1.0,0.0,True,cll,0.8843333333333333,2.490075,0.2,5.0,5,0.9,10.0,O
0.899925,1.5555755216838787,0.3675,124.55421497542474,0.9999166666666668,0.0,True,cll,0.7695833333333333,2.490075,0.5,0.0,5,0.9,10.0,O
0.8993767900051597,1.5536776010544626,0.366,124.98849704379498,0.9999166666666668,0.0,True,cll,0.7959166666666667,2.490075,0.5,2.0,5,0.9,10.0,O
0.896575228282571,1.5431903027863343,0.36595,124.6161815240819,1.0,0.0,True,cll,0.9370833333333334,2.490075,0.5,5.0,5,0.9,10.0,O
0.8907,1.5566730995359297,0.2463,183.9401329408365,0.9896666666666668,0.0,True,cll,1.2575,2.490075,0.8,0.0,5,0.9,10.0,O
0.8915815415544107,1.554644847756678,0.24875,182.3087170413127,0.99125,0.0,True,cll,1.319583333333333,2.490075,0.8,2.0,5,0.9,10.0,O
0.8826035976418344,1.5448240792978054,0.24745,181.42105610907237,0.9844166666666668,0.0,True,cll,1.6351666666666669,2.490075,0.8,5.0,5,0.9,10.0,O
0.5963999999999999,1.5900734532313745,0.1925,157.58553718246313,0.6626666666666666,0.0,True,cll,9.335666666666668,2.490075,1.0,0.0,5,0.9,10.0,O
0.5935631969373165,1.5884061637097249,0.19035,158.60743423779817,0.6599166666666667,0.0,True,cll,9.3015,2.490075,1.0,2.0,5,0.9,10.0,O
0.5497500441419297,1.5817731601912233,0.193,144.8829964612489,0.6131666666666666,0.0,True,cll,10.345416666666669,2.490075,1.0,5.0,5,0.9,10.0,O
0.8,1.564790227246002,0.9996,45.79580711704826,1.0,0.0,True,cll,1.43,4.42449,0.0,0.0,10,0.8,10.0,O
0.7995126616152767,1.5628954315679109,0.9998,45.7587541357215,1.0,0.0,True,cll,1.47225,4.42449,0.0,2.0,10,0.8,10.0,O
0.7969557584733965,1.552454034137573,0.9997,45.61697672175429,1.0,0.0,True,cll,1.7355,4.42449,0.0,5.0,10,0.8,10.0,O
0.8,1.564790227246002,0.4455,102.75530593535676,1.0,0.0,True,cll,1.50575,4.42449,0.2,0.0,10,0.8,10.0,O
0.7995126616152767,1.5628954315679109,0.44545,102.70423702973255,1.0,0.0,True,cll,1.5450833333333334,4.42449,0.2,2.0,10,0.8,10.0,O
0.7968893454935237,1.5524687453399049,0.4481,101.76186421431684,0.9999166666666668,0.0,True,cll,1.8115,4.42449,0.2,5.0,10,0.8,10.0,O
0.7979333333333334,1.5650373156010375,0.23585,193.59436201604024,0.9974166666666666,0.0,True,cll,1.9276666666666664,4.42449,0.5,0.0,10,0.8,10.0,O
0.7976471320715076,1.563089877304765,0.2382,191.6156730170568,0.9976666666666668,0.0,True,cll,1.9749166666666669,4.42449,0.5,2.0,10,0.8,10.0,O
0.7941664133187397,1.5527754460480951,0.2368,191.9074328886706,0.9965,0.0,True,cll,2.3343333333333334,4.42449,0.5,5.0,10,0.8,10.0,O
0.7213333333333334,1.5744059346333537,0.14805,278.7979448121466,0.9016666666666666,0.0003333333333333,True,cll,10.339666666666666,4.42449,0.8,0.0,10,0.8,10.0,O
0.7176958659099799,1.5727015269921951,0.14705,279.2784296101565,0.8976666666666666,0.0003333333333333,True,cll,11.05075,4.42449,0.8,2.0,10,0.8,10.0,O
0.6974691146239675,1.564327702648404,0.14695,271.5922471844188,0.8751666666666666,0.0003333333333333,True,cll,13.284666666666666,4.42449,0.8,5.0,10,0.8,10.0,O
0.3668666666666667,1.6148279157650978,0.1073,195.64579126630204,0.4585833333333333,0.0001666666666666,True,cll,35.56791666666667,4.42449,1.0,0.0,10,0.8,10.0,O
0.3571156555214902,1.6141952981253591,0.1093,186.9608636650151,0.4466666666666666,0.0001666666666666,True,cll,35.36358333333333,4.42449,1.0,2.0,10,0.8,10.0,O
0.3210403447050332,1.6072036770462472,0.1127,163.00377974956996,0.4028333333333333,8.333333333333333e-05,True,cll,36.148833333333336,4.42449,1.0,5.0,10,0.8,10.0,O
0.9,1.555562497035126,0.9996,45.79580711704826,1.0,0.0,True,cll,1.43,4.97718,0.0,0.0,10,0.9,10.0,O
0.8994517443171862,1.553672317259221,0.9998,45.75875413572151,1.0,0.0,True,cll,1.47225,4.97718,0.0,2.0,10,0.9,10.0,O
0.896575228282571,1.5431903027863343,0.9997,45.61697672175429,1.0,0.0,True,cll,1.7355,4.97718,0.0,5.0,10,0.9,10.0,O
0.9,1.555562497035126,0.4455,102.75530593535676,1.0,0.0,True,cll,1.50575,4.97718,0.2,0.0,10,0.9,10.0,O
0.8994517443171862,1.553672317259221,0.44545,102.70423702973255,1.0,0.0,True,cll,1.5450833333333334,4.97718,0.2,2.0,10,0.9,10.0,O
0.8965005136802141,1.5432068528889578,0.4481,101.76186421431684,0.9999166666666668,0.0,True,cll,1.8115,4.97718,0.2,5.0,10,0.9,10.0,O
0.897675,1.5558404714345413,0.23585,193.59436201604024,0.9974166666666666,0.0,True,cll,1.9276666666666664,4.97718,0.5,0.0,10,0.9,10.0,O
0.8973530235804461,1.5538910687131828,0.2382,191.61567301705688,0.9976666666666668,0.0,True,cll,1.9749166666666669,4.97718,0.5,2.0,10,0.9,10.0,O
0.893437214983582,1.5435518911856718,0.2368,191.90743288867057,0.9965,0.0,True,cll,2.3343333333333334,4.97718,0.5,5.0,10,0.9,10.0,O
0.8115,1.5663801678458968,0.14805,278.79794481214657,0.9016666666666666,0.0003333333333333,True,cll,10.339666666666666,4.97718,0.8,0.0,10,0.9,10.0,O
0.8074078491487274,1.564704174611541,0.14705,279.2784296101565,0.8976666666666666,0.0003333333333333,True,cll,11.05075,4.97718,0.8,2.0,10,0.9,10.0,O
0.7846527539519633,1.5565481798610192,0.14695,271.59224718441874,0.8751666666666666,0.0003333333333333,True,cll,13.284666666666666,4.97718,0.8,5.0,10,0.9,10.0,O
0.412725,1.6118548966191089,0.1073,195.64579126630207,0.4585833333333333,0.0001666666666666,True,cll,35.56791666666667,4.97718,1.0,0.0,10,0.9,10.0,O
0.4017551124616765,1.611384667136351,0.1093,186.96086366501515,0.4466666666666666,0.0001666666666666,True,cll,35.36358333333333,4.97718,1.0,2.0,10,0.9,10.0,O
0.3611703877931623,1.6047836510585929,0.1127,163.00377974956993,0.4028333333333333,8.333333333333333e-05,True,cll,36.148833333333336,4.97718,1.0,5.0,10,0.9,10.0,O
0.8,1.564790227246002,0.99975,45.7889360282085,1.0,0.0,True,cll,2.8575833333333334,8.84601,0.0,0.0,20,0.8,10.0,O
0.7995126616152767,1.5628954315679109,0.999,45.79539778267704,1.0,0.0,True,cll,2.9495,8.84601,0.0,2.0,20,0.8,10.0,O
0.7969557584733965,1.552454034137573,0.9995,45.62610468107831,1.0,0.0,True,cll,3.4731666666666667,8.84601,0.0,5.0,20,0.8,10.0,O
0.7999333333333334,1.5647939770280894,0.3065,149.34314519891873,0.9999166666666668,0.0,True,cll,3.2151666666666667,8.84601,0.2,0.0,20,0.8,10.0,O
0.7990462792293344,1.5629309914130616,0.30935,147.80318447336836,0.9994166666666666,0.0,True,cll,3.38425,8.84601,0.2,2.0,20,0.8,10.0,O
0.7966901065539054,1.552493540082424,0.307,148.495408897486,0.9996666666666668,0.0,True,cll,3.8301666666666665,8.84601,0.2,5.0,20,0.8,10.0,O
0.7618666666666667,1.569522103360261,0.14265,305.6111356117152,0.9523333333333334,0.0001666666666666,True,cll,13.432583333333334,8.84601,0.5,0.0,20,0.8,10.0,O
0.7586042637626282,1.56791016154977,0.1455,298.3419087940477,0.9488333333333332,0.00025,True,cll,14.441083333333331,8.84601,0.5,2.0,20,0.8,10.0,O
0.7447551562933891,1.5588089574149446,0.1493,285.44056280680144,0.9345,0.0001666666666666,True,cll,16.971083333333333,8.84601,0.5,5.0,20,0.8,10.0,O
0.5132666666666666,1.599810895830175,0.08415,349.02048546896106,0.6415833333333333,8.333333333333333e-05,True,cll,77.82216666666666,8.84601,0.8,0.0,20,0.8,10.0,O
0.5046257415895088,1.598247754932553,0.08375,344.7835706101392,0.6311666666666667,0.0001666666666666,True,cll,78.66341666666666,8.84601,0.8,2.0,20,0.8,10.0,O
0.4834864934738606,1.5902705358506406,0.08885,311.37869354456103,0.6066666666666667,0.0,True,cll,84.51275,8.84601,0.8,5.0,20,0.8,10.0,O
0.222,1.6322954927763216,0.05995,211.89746689559465,0.2775,0.0,True,cll,110.33758333333331,8.84601,1.0,0.0,20,0.8,10.0,O
0.2122706116588559,1.6316492262969344,0.06185,196.38673295375028,0.2655,8.333333333333333e-05,True,cll,111.391,8.84601,1.0,2.0,20,0.8,10.0,O
0.183963954247609,1.6234074154926417,0.0627,167.8909061823546,0.2308333333333333,8.333333333333333e-05,True,cll,104.72891666666666,8.84601,1.0,5.0,20,0.8,10.0,O
0.9,1.555562497035126,0.99975,45.7889360282085,1.0,0.0,True,cll,2.8575833333333334,9.95139,0.0,0.0,20,0.9,10.0,O
0.8994517443171862,1.553672317259221,0.999,45.79539778267704,1.0,0.0,True,cll,2.9495,9.95139,0.0,2.0,20,0.9,10.0,O
0.896575228282571,1.5431903027863343,0.9995,45.6261046810783,1.0,0.0,True,cll,3.4731666666666667,9.95139,0.0,5.0,20,0.9,10.0,O
0.899925,1.555566715539975,0.3065,149.34314519891873,0.9999166666666668,0.0,True,cll,3.2151666666666667,9.95139,0.2,0.0,20,0.9,10.0,O
0.8989270641330012,1.5537123220850162,0.30935,147.8031844733684,0.9994166666666666,0.0,True,cll,3.38425,9.95139,0.2,2.0,20,0.9,10.0,O
0.8962763698731435,1.5432347469742922,0.307,148.49540889748596,0.9996666666666668,0.0,True,cll,3.8301666666666665,9.95139,0.2,5.0,20,0.9,10.0,O
0.8571000000000001,1.560885857663668,0.14265,305.6111356117152,0.9523333333333334,0.0001666666666666,True,cll,13.432583333333334,9.95139,0.5,0.0,20,0.9,10.0,O
0.8534297967329568,1.559313888488813,0.1455,298.3419087940477,0.9488333333333332,0.00025,True,cll,14.441083333333331,9.95139,0.5,2.0,20,0.9,10.0,O
0.8378495508300625,1.5503395914733775,0.1493,285.4405628068014,0.9345,0.0001666666666666,True,cll,16.971083333333333,9.95139,0.5,5.0,20,0.9,10.0,O
0.577425,1.5949607491923217,0.08415,349.0204854689611,0.6415833333333333,8.333333333333333e-05,True,cll,77.82216666666666,9.95139,0.8,0.0,20,0.9,10.0,O
0.5677039592881974,1.5934436810444443,0.08375,344.7835706101393,0.6311666666666667,0.0001666666666666,True,cll,78.66341666666666,9.95139,0.8,2.0,20,0.9,10.0,O
0.5439223051580931,1.5857338672135357,0.08885,311.37869354456114,0.6066666666666667,0.0,True,cll,84.51275,9.95139,0.8,5.0,20,0.9,10.0,O
0.24975,1.631505920756736,0.05995,211.89746689559468,0.2775,0.0,True,cll,110.33758333333331,9.95139,1.0,0.0,20,0.9,10.0,O
0.2388044381162129,1.631020336329373,0.06185,196.3867329537503,0.2655,8.333333333333333e-05,True,cll,111.391,9.95139,1.0,2.0,20,0.9,10.0,O
0.2069594485285601,1.6230128568107869,0.0627,167.89090618235463,0.2308333333333333,8.333333333333333e-05,True,cll,104.72891666666666,9.95139,1.0,5.0,20,0.9,10.0,O
0.8,1.564790227246002,0.9997,45.79122616205005,1.0,0.0,True,maxwell,0.4325833333333333,1.329426,0.0,0.0,3,0.8,10.0,O
0.7995126616152767,1.5628954315679109,0.99955,45.77019897443285,1.0,0.0,True,maxwell,0.4431666666666666,1.329426,0.0,2.0,3,0.8,10.0,O
0.7969557584733965,1.552454034137573,0.99935,45.63295304821911,1.0,0.0,True,maxwell,0.52125,1.329426,0.0,5.0,3,0.8,10.0,O
0.7662666666666667,1.567982225474046,0.6898,63.565098120294685,0.9578333333333332,0.0,True,maxwell,0.9014166666666666,1.329426,0.2,0.0,3,0.8,10.0,O
0.7660663819377043,1.566032248825659,0.69095,63.44271512911154,0.9581666666666668,0.0,True,maxwell,0.9230833333333334,1.329426,0.2,2.0,3,0.8,10.0,O
0.7571079705497267,1.556018190180818,0.6935,62.47026250512023,0.95,0.0,True,maxwell,1.1154166666666667,1.329426,0.2,5.0,3,0.8,10.0,O
0.7166666666666668,1.5732188403836735,0.47185,86.91109542892612,0.8958333333333334,0.0,True,maxwell,1.571,1.329426,0.5,0.0,3,0.8,10.0,O
0.708901226632212,1.572005705206587,0.47525,85.35433445121446,0.8866666666666667,0.0,True,maxwell,1.6425,1.329426,0.5,2.0,3,0.8,10.0,O
0.6944805305296923,1.5628375142403983,0.48145,82.54121586902602,0.8714166666666666,0.0,True,maxwell,1.9126666666666667,1.329426,0.5,5.0,3,0.8,10.0,O
0.6626666666666667,1.5793709559243527,0.3411,111.16687154655584,0.8283333333333334,0.0,True,maxwell,2.39525,1.329426,0.8,0.0,3,0.8,10.0,O
0.6560001388553346,1.5782491059100865,0.3421,109.72683062498052,0.8205,0.0,True,maxwell,2.440166666666667,1.329426,0.8,2.0,3,0.8,10.0,O
0.6347752616240603,1.569759043838331,0.3435,105.74387709545744,0.7965,0.0,True,maxwell,2.9128333333333334,1.329426,0.8,5.0,3,0.8,10.0,O
0.6298,1.5829880961772065,0.2747,131.19158373947974,0.78725,0.0,True,maxwell,3.03475,1.329426,1.0,0.0,3,0.8,10.0,O
0.6258851619344925,1.5818089415675451,0.27285,131.2600833191918,0.7828333333333334,0.0,True,maxwell,3.1395833333333334,1.329426,1.0,2.0,3,0.8,10.0,O
0.5945954088010265,1.5750160262102062,0.2716,125.27192867945789,0.7460833333333333,0.0,True,maxwell,3.682333333333333,1.329426,1.0,5.0,3,0.8,10.0,O
0.9,1.555562497035126,0.9997,45.79122616205006,1.0,0.0,True,maxwell,0.4325833333333333,1.495233,0.0,0.0,3,0.9,10.0,O
0.8994517443171862,1.553672317259221,0.99955,45.77019897443286,1.0,0.0,True,maxwell,0.4431666666666666,1.495233,0.0,2.0,3,0.9,10.0,O
0.896575228282571,1.5431903027863343,0.99935,45.63295304821912,1.0,0.0,True,maxwell,0.52125,1.495233,0.0,5.0,3,0.9,10.0,O
0.86205,1.559153495041676,0.6898,63.56509812029469,0.9578333333333332,0.0,True,maxwell,0.9014166666666666,1.495233,0.2,0.0,3,0.9,10.0,O
0.8618246796799173,1.557201236674188,0.69095,63.44271512911155,0.9581666666666668,0.0,True,maxwell,0.9230833333333334,1.495233,0.2,2.0,3,0.9,10.0,O
0.8517464668684425,1.547199978334985,0.6935,62.47026250512024,0.95,0.0,True,maxwell,1.1154166666666667,1.495233,0.2,5.0,3,0.9,10.0,O
0.80625,1.5650446868150072,0.47185,86.91109542892613,0.8958333333333334,0.0,True,maxwell,1.571,1.495233,0.5,0.0,3,0.9,10.0,O
0.7975138799612385,1.563921375102732,0.47525,85.35433445121447,0.8866666666666667,0.0,True,maxwell,1.6425,1.495233,0.5,2.0,3,0.9,10.0,O
0.7812905968459036,1.5548717179020128,0.48145,82.541215869026,0.8714166666666666,0.0,True,maxwell,1.9126666666666667,1.495233,0.5,5.0,3,0.9,10.0,O
0.7455,1.571965816798271,0.3411,111.16687154655584,0.8283333333333334,0.0,True,maxwell,2.39525,1.495233,0.8,0.0,3,0.9,10.0,O
0.7380001562122513,1.570945200894169,0.3421,109.72683062498052,0.8205,0.0,True,maxwell,2.440166666666667,1.495233,0.8,2.0,3,0.9,10.0,O
0.7141221693270677,1.5626584386996876,0.3435,105.74387709545744,0.7965,0.0,True,maxwell,2.9128333333333334,1.495233,0.8,5.0,3,0.9,10.0,O
0.7085250000000001,1.5760350995827317,0.2747,131.19158373947974,0.78725,0.0,True,maxwell,3.03475,1.495233,1.0,0.0,3,0.9,10.0,O
0.7041208071763039,1.57495001600881,0.27285,131.26008331919178,0.7828333333333334,0.0,True,maxwell,3.1395833333333334,1.495233,1.0,2.0,3,0.9,10.0,O
0.6689198349011549,1.568572543868047,0.2716,125.27192867945794,0.7460833333333333,0.0,True,maxwell,3.682333333333333,1.495233,1.0,5.0,3,0.9,10.0,O
0.8,1.564790227246002,0.99965,45.79351652498518,1.0,0.0,True,maxwell,0.716,2.21373,0.0,0.0,5,0.8,10.0,O
0.7995126616152767,1.5628954315679109,0.9997,45.76333138430965,1.0,0.0,True,maxwell,0.7399166666666667,2.21373,0.0,2.0,5,0.8,10.0,O
0.7969557584733965,1.552454034137573,0.99945,45.62838724172071,1.0,0.0,True,maxwell,0.86725,2.21373,0.0,5.0,5,0.8,10.0,O
0.7466666666666667,1.569820370936747,0.59175,72.2022073644636,0.9333333333333332,0.0,True,maxwell,1.9589166666666664,2.21373,0.2,0.0,5,0.8,10.0,O
0.7434801492470726,1.568213356706531,0.58735,72.43265131707899,0.9299166666666666,0.0,True,maxwell,2.112416666666667,2.21373,0.2,2.0,5,0.8,10.0,O
0.7330000588559064,1.5583968412065117,0.5968,70.28087713728479,0.91975,0.0,True,maxwell,2.37925,2.21373,0.2,5.0,5,0.8,10.0,O
0.6602000000000001,1.5793924130711865,0.3617,104.4453210600352,0.82525,0.0,True,maxwell,4.0456666666666665,2.21373,0.5,0.0,5,0.8,10.0,O
0.6601975803288147,1.5774543658761857,0.3653,103.41564240166034,0.82575,0.0,True,maxwell,4.201583333333334,2.21373,0.5,2.0,5,0.8,10.0,O
0.6317202645499123,1.5696142480930633,0.3635,99.44486702717872,0.7926666666666666,0.0,True,maxwell,4.7665,2.21373,0.5,5.0,5,0.8,10.0,O
0.5785333333333333,1.5892529832379831,0.2477,133.6485828812004,0.7231666666666666,0.0,True,maxwell,6.999,2.21373,0.8,0.0,5,0.8,10.0,O
0.5749162297565186,1.5872452560633228,0.2468,133.29731191898077,0.7190833333333333,0.0,True,maxwell,7.039666666666666,2.21373,0.8,2.0,5,0.8,10.0,O
0.5413321989430545,1.5808823911548744,0.25345,122.21754128554004,0.67925,0.0,True,maxwell,7.886,2.21373,0.8,5.0,5,0.8,10.0,O
0.5335333333333334,1.594945591470464,0.19275,158.39050705576918,0.6669166666666667,0.0,True,maxwell,9.06375,2.21373,1.0,0.0,5,0.8,10.0,O
0.5223482722553141,1.594219541862964,0.18775,159.19968162342292,0.6533333333333333,0.0,True,maxwell,9.382083333333334,2.21373,1.0,2.0,5,0.8,10.0,O
0.4825567117556416,1.588070479111499,0.1942,142.18740000618288,0.6055,0.0,True,maxwell,10.523333333333332,2.21373,1.0,5.0,5,0.8,10.0,O
0.9,1.555562497035126,0.99965,45.79351652498519,1.0,0.0,True,maxwell,0.716,2.490075,0.0,0.0,5,0.9,10.0,O
0.8994517443171862,1.553672317259221,0.9997,45.76333138430966,1.0,0.0,True,maxwell,0.7399166666666667,2.490075,0.0,2.0,5,0.9,10.0,O
0.896575228282571,1.5431903027863343,0.99945,45.62838724172072,1.0,0.0,True,maxwell,0.86725,2.490075,0.0,5.0,5,0.9,10.0,O
0.8400000000000001,1.5612214086872147,0.59175,72.20220736446363,0.9333333333333332,0.0,True,maxwell,1.9589166666666664,2.490075,0.2,0.0,5,0.9,10.0,O
0.8364151679029567,1.5596549830401694,0.58735,72.43265131707899,0.9299166666666666,0.0,True,maxwell,2.112416666666667,2.490075,0.2,2.0,5,0.9,10.0,O
0.8246250662128946,1.5498759607388903,0.5968,70.28087713728479,0.91975,0.0,True,maxwell,2.37925,2.490075,0.2,5.0,5,0.9,10.0,O
0.7427250000000001,1.5719899560884585,0.3617,104.44532106003524,0.82525,0.0,True,maxwell,4.0456666666666665,2.490075,0.5,0.0,5,0.9,10.0,O
0.7427222778699165,1.5700511183560304,0.3653,103.41564240166036,0.82575,0.0,True,maxwell,4.201583333333334,2.490075,0.5,2.0,5,0.9,10.0,O
0.7106852976186513,1.562495543486261,0.3635,99.44486702717876,0.7926666666666666,0.0,True,maxwell,4.7665,2.490075,0.5,5.0,5,0.9,10.0,O
0.6508499999999999,1.583083097526105,0.2477,133.64858288120038,0.7231666666666666,0.0,True,maxwell,6.999,2.490075,0.8,0.0,5,0.9,10.0,O
0.6467807584760833,1.5810658698165598,0.2468,133.2973119189808,0.7190833333333333,0.0,True,maxwell,7.039666666666666,2.490075,0.8,2.0,5,0.9,10.0,O
0.6089987238109363,1.5751722044307983,0.25345,122.21754128554008,0.67925,0.0,True,maxwell,7.886,2.490075,0.8,5.0,5,0.9,10.0,O
0.600225,1.5894872817876458,0.19275,158.3905070557692,0.6669166666666667,0.0,True,maxwell,9.06375,2.490075,1.0,0.0,5,0.9,10.0,O
0.5876418062872283,1.588911941341156,0.18775,159.19968162342292,0.6533333333333333,0.0,True,maxwell,9.382083333333334,2.490075,1.0,2.0,5,0.9,10.0,O
0.5428763007250967,1.5832588033820012,0.1942,142.1874000061829,0.6055,0.0,True,maxwell,10.523333333333332,2.490075,1.0,5.0,5,0.9,10.0,O
0.8,1.564790227246002,0.9992,45.81414010628647,1.0,0.0,True,maxwell,1.43,4.42449,0.0,0.0,10,0.8,10.0,O
0.7995126616152767,1.5628954315679109,0.99915,45.788522629129126,1.0,0.0,True,maxwell,1.47225,4.42449,0.0,2.0,10,0.8,10.0,O
0.7969557584733965,1.552454034137573,0.99965,45.61925836916697,1.0,0.0,True,maxwell,1.7355,4.42449,0.0,5.0,10,0.8,10.0,O
0.6920666666666667,1.57595694554263,0.4486,88.27762505063998,0.8650833333333333,0.0,True,maxwell,6.279166666666667,4.42449,0.2,0.0,10,0.8,10.0,O
0.6946432508334062,1.573749290167476,0.45215,87.91060386761558,0.8688333333333333,0.0,True,maxwell,6.30525,4.42449,0.2,2.0,10,0.8,10.0,O
0.6746230495477301,1.5648682473465787,0.44475,86.79749603985728,0.8465,0.0,True,maxwell,7.481583333333333,4.42449,0.2,5.0,10,0.8,10.0,O
0.5562,1.5916057722334882,0.248,128.3338672748732,0.69525,0.0005,True,maxwell,15.0675,4.42449,0.5,0.0,10,0.8,10.0,O
0.5494650766950989,1.5902539783693588,0.23945,131.30680408861414,0.68725,0.0003333333333333,True,maxwell,15.2945,4.42449,0.5,2.0,10,0.8,10.0,O
0.5166265704303793,1.5830240456739364,0.24165,122.33533539552764,0.64825,0.0005,True,maxwell,16.834833333333332,4.42449,0.5,5.0,10,0.8,10.0,O
0.4346,1.6064607046028492,0.14865,167.2964735112676,0.54325,8.333333333333333e-05,True,maxwell,26.78125,4.42449,0.8,0.0,10,0.8,10.0,O
0.4294715513976728,1.6046177461494964,0.1494,164.49237894524157,0.5371666666666667,0.0,True,maxwell,26.694666666666667,4.42449,0.8,2.0,10,0.8,10.0,O
0.3932312538267484,1.5981622439345815,0.14605,154.0665809276254,0.4934166666666666,0.0,True,maxwell,27.592416666666665,4.42449,0.8,5.0,10,0.8,10.0,O
0.3648666666666667,1.6147131867923152,0.10965,190.40902581749845,0.4560833333333333,0.00025,True,maxwell,35.62833333333333,4.42449,1.0,0.0,10,0.8,10.0,O
0.3558497604739327,1.6137905829752155,0.11065,184.02517422632988,0.4450833333333333,0.0,True,maxwell,35.41408333333333,4.42449,1.0,2.0,10,0.8,10.0,O
0.3230991470810895,1.6069260642755532,0.1121,164.92715861865094,0.4054166666666666,0.00025,True,maxwell,35.9635,4.42449,1.0,5.0,10,0.8,10.0,O
0.9,1.555562497035126,0.9992,45.81414010628647,1.0,0.0,True,maxwell,1.43,4.97718,0.0,0.0,10,0.9,10.0,O
0.8994517443171862,1.553672317259221,0.99915,45.78852262912913,1.0,0.0,True,maxwell,1.47225,4.97718,0.0,2.0,10,0.9,10.0,O
0.896575228282571,1.5431903027863343,0.99965,45.61925836916697,1.0,0.0,True,maxwell,1.7355,4.97718,0.0,5.0,10,0.9,10.0,O
0.778575,1.5681250551188328,0.4486,88.27762505064,0.8650833333333333,0.0,True,maxwell,6.279166666666667,4.97718,0.2,0.0,10,0.9,10.0,O
0.781473657187582,1.5658829081837324,0.45215,87.91060386761559,0.8688333333333333,0.0,True,maxwell,6.30525,4.97718,0.2,2.0,10,0.9,10.0,O
0.7589509307411964,1.5571562926464662,0.44475,86.79749603985728,0.8465,0.0,True,maxwell,7.481583333333333,4.97718,0.2,5.0,10,0.9,10.0,O
0.6257250000000001,1.5857299851460482,0.248,128.3338672748732,0.69525,0.0005,True,maxwell,15.0675,4.97718,0.5,0.0,10,0.9,10.0,O
0.6181482112819862,1.5844506824108506,0.23945,131.30680408861414,0.68725,0.0003333333333333,True,maxwell,15.2945,4.97718,0.5,2.0,10,0.9,10.0,O
0.5812048917341767,1.5775815657647434,0.24165,122.33533539552768,0.64825,0.0005,True,maxwell,16.834833333333332,4.97718,0.5,5.0,10,0.9,10.0,O
0.488925,1.6024417840615797,0.14865,167.29647351126764,0.54325,8.333333333333333e-05,True,maxwell,26.78125,4.97718,0.8,0.0,10,0.9,10.0,O
0.4831554953223819,1.6006099211635052,0.1494,164.49237894524157,0.5371666666666667,0.0,True,maxwell,26.694666666666667,4.97718,0.8,2.0,10,0.9,10.0,O
0.4423851605550919,1.594612038807969,0.14605,154.06658092762544,0.4934166666666666,0.0,True,maxwell,27.592416666666665,4.97718,0.8,5.0,10,0.9,10.0,O
0.410475,1.611725826524729,0.10965,190.40902581749853,0.4560833333333333,0.00025,True,maxwell,35.62833333333333,4.97718,1.0,0.0,10,0.9,10.0,O
0.4003309805331743,1.6109293625924392,0.11065,184.02517422632988,0.4450833333333333,0.0,True,maxwell,35.41408333333333,4.97718,1.0,2.0,10,0.9,10.0,O
0.3634865404662256,1.6044713366915624,0.1121,164.92715861865094,0.4054166666666666,0.00025,True,maxwell,35.9635,4.97718,1.0,5.0,10,0.9,10.0,O
0.8,1.564790227246002,0.99975,45.7889360282085,1.0,0.0,True,maxwell,2.8575833333333334,8.84601,0.0,0.0,20,0.8,10.0,O
0.7995126616152767,1.5628954315679109,0.999,45.79539778267704,1.0,0.0,True,maxwell,2.9495,8.84601,0.0,2.0,20,0.8,10.0,O
0.7969557584733965,1.552454034137573,0.99915,45.64208740303035,1.0,0.0,True,maxwell,3.4731666666666667,8.84601,0.0,5.0,20,0.8,10.0,O
0.6128,1.5844799670210867,0.3082,113.77532906021516,0.766,0.0001666666666666,True,maxwell,21.76608333333333,8.84601,0.2,0.0,20,0.8,10.0,O
0.6102946650329945,1.583163961937307,0.3149,110.89932196613536,0.7633333333333333,8.333333333333333e-05,True,maxwell,21.56775,8.84601,0.2,2.0,20,0.8,10.0,O
0.5885518276326034,1.5745729720896866,0.30975,108.7264919058042,0.7385,0.0003333333333333,True,maxwell,24.2125,8.84601,0.2,5.0,20,0.8,10.0,O
0.4196666666666666,1.607723880836606,0.14695,163.41686058721675,0.5245833333333333,0.0,True,maxwell,52.60875,8.84601,0.5,0.0,20,0.8,10.0,O
0.4132147939448288,1.6060736127426307,0.1483,159.4397808446364,0.5168333333333334,0.0,True,maxwell,52.80733333333333,8.84601,0.5,2.0,20,0.8,10.0,O
0.3816089823490113,1.599326214914188,0.14825,147.2942741420614,0.4788333333333333,0.0,True,maxwell,55.50083333333333,8.84601,0.5,5.0,20,0.8,10.0,O
0.2843333333333333,1.6240439136066918,0.0856,190.0710569580112,0.3554166666666666,8.333333333333333e-05,True,maxwell,85.37308333333333,8.84601,0.8,0.0,20,0.8,10.0,O
0.2824278477155965,1.622208142345386,0.08585,188.24749030243373,0.35325,0.0,True,maxwell,86.43258333333333,8.84601,0.8,2.0,20,0.8,10.0,O
0.2483181317443357,1.615259956066893,0.0839,169.3590657527319,0.3115833333333333,0.0008333333333333,True,maxwell,84.78533333333333,8.84601,0.8,5.0,20,0.8,10.0,O
0.2201333333333333,1.6327903501474197,0.0601,209.59133111266385,0.2751666666666666,0.0,True,maxwell,111.20891666666668,8.84601,1.0,0.0,20,0.8,10.0,O
0.2160682968015285,1.6305946331114334,0.0617,200.3862243844036,0.27025,0.0,True,maxwell,109.85883333333334,8.84601,1.0,2.0,20,0.8,10.0,O
0.1875502551607393,1.6235069200625536,0.05945,180.52101984798915,0.2353333333333333,8.333333333333333e-05,True,maxwell,106.50391666666668,8.84601,1.0,5.0,20,0.8,10.0,O
0.9,1.555562497035126,0.99975,45.7889360282085,1.0,0.0,True,maxwell,2.8575833333333334,9.95139,0.0,0.0,20,0.9,10.0,O
0.8994517443171862,1.553672317259221,0.999,45.79539778267704,1.0,0.0,True,maxwell,2.9495,9.95139,0.0,2.0,20,0.9,10.0,O
0.896575228282571,1.5431903027863343,0.99915,45.642087403030345,1.0,0.0,True,maxwell,3.4731666666666667,9.95139,0.0,5.0,20,0.9,10.0,O
0.6894,1.5777134542820963,0.3082,113.77532906021514,0.766,0.0001666666666666,True,maxwell,21.76608333333333,9.95139,0.2,0.0,20,0.9,10.0,O
0.6865814981621188,1.5764744139247922,0.3149,110.8993219661354,0.7633333333333333,8.333333333333333e-05,True,maxwell,21.56775,9.95139,0.2,2.0,20,0.9,10.0,O
0.6621208060866788,1.5680741079824625,0.30975,108.7264919058042,0.7385,0.0003333333333333,True,maxwell,24.2125,9.95139,0.2,5.0,20,0.9,10.0,O
0.4721249999999999,1.6038628573245557,0.14695,163.4168605872168,0.5245833333333333,0.0,True,maxwell,52.60875,9.95139,0.5,0.0,20,0.9,10.0,O
0.4648666431879324,1.602247771080781,0.1483,159.4397808446364,0.5168333333333334,0.0,True,maxwell,52.80733333333333,9.95139,0.5,2.0,20,0.9,10.0,O
0.4293101051426377,1.5959215061600265,0.14825,147.2942741420614,0.4788333333333333,0.0,True,maxwell,55.50083333333333,9.95139,0.5,5.0,20,0.9,10.0,O
0.319875,1.622222894190902,0.0856,190.07105695801127,0.3554166666666666,8.333333333333333e-05,True,maxwell,85.37308333333333,9.95139,0.8,0.0,20,0.9,10.0,O
0.317731328680046,1.620399116883881,0.08585,188.2474903024338,0.35325,0.0,True,maxwell,86.43258333333333,9.95139,0.8,2.0,20,0.9,10.0,O
0.2793578982123777,1.6138469649568197,0.0839,169.35906575273194,0.3115833333333333,0.0008333333333333,True,maxwell,84.78533333333333,9.95139,0.8,5.0,20,0.9,10.0,O
0.24765,1.632062635299221,0.0601,209.59133111266385,0.2751666666666666,0.0,True,maxwell,111.20891666666668,9.95139,1.0,0.0,20,0.9,10.0,O
0.2430768339017195,1.6298339189956843,0.0617,200.3862243844036,0.27025,0.0,True,maxwell,109.85883333333334,9.95139,1.0,2.0,20,0.9,10.0,O
0.2109940370558317,1.6231247994519375,0.05945,180.52101984798915,0.2353333333333333,8.333333333333333e-05,True,maxwell,106.50391666666668,9.95139,1.0,5.0,20,0.9,10.0,O
