# H-1 / MC-1 vacuum radial magnetic field on the channel centreline (r = 35 mm), FE-DERIVED (not measured, not FEMM).
# Solver: scikit-fem 10.0.2 axisymmetric nonlinear magnetostatics (docs/hardware/h1_bz/h1_bz_fe_solver.py);
# evaluation preregistered in docs/hardware/h1_bz/h1_bz_fe_prereg_v4.json (sha256 98fab01d030918e9385fce417a085e580e7c355973e9adf4bcab0e05b5434e9e);
# record docs/hardware/h1_bz/h1_bz_fe_v1.json. Geometry: registered H2-1 RP-1 MC-1 circuit (flat exit poles, solid core).
# z from the anode face (z = 0 = HALL_INLET_Z0), exit plane IP-EXIT at z = 103.2 mm. Cite with B_profile align = 'anode',
# z_ref_in_file_mm = 0.0, scale_to = 'max' (no rigid shift). Use requires DCR-002 approval + an envelope prereg addendum.
# Variant NOM, level CAP-403: NI_total = 880.42 A-turns (inner/outer split 0.5), B_peak = 403.02 G at z = 98.70 mm; mesh level L3.
z_from_anode_face_mm,Br_G
0.00,-0.2416
0.50,0.3466
1.00,0.9371
1.50,1.5318
2.00,2.1328
2.50,2.7419
3.00,3.3612
3.50,3.9923
4.00,4.6369
4.50,5.2966
5.00,5.9727
5.50,6.6664
6.00,7.3788
6.50,8.1108
7.00,8.8630
7.50,9.6359
8.00,10.4300
8.50,11.2453
9.00,12.0820
9.50,12.9399
10.00,13.8187
10.50,14.7181
11.00,15.6376
11.50,16.5765
12.00,17.5344
12.50,18.5105
13.00,19.5040
13.50,20.5143
14.00,21.5406
14.50,22.5820
15.00,23.6378
15.50,24.7073
16.00,25.7897
16.50,26.8842
17.00,27.9903
17.50,29.1070
18.00,30.2340
18.50,31.3704
19.00,32.5157
19.50,33.6694
20.00,34.8309
20.50,35.9998
21.00,37.1754
21.50,38.3575
22.00,39.5456
22.50,40.7392
23.00,41.9381
23.50,43.1418
24.00,44.3501
24.50,45.5627
25.00,46.7793
25.50,47.9996
26.00,49.2234
26.50,50.4505
27.00,51.6806
27.50,52.9136
28.00,54.1493
28.50,55.3876
29.00,56.6282
29.50,57.8711
30.00,59.1161
30.50,60.3630
31.00,61.6119
31.50,62.8626
32.00,64.1150
32.50,65.3690
33.00,66.6246
33.50,67.8817
34.00,69.1402
34.50,70.4001
35.00,71.6614
35.50,72.9240
36.00,74.1879
36.50,75.4530
37.00,76.7194
37.50,77.9870
38.00,79.2558
38.50,80.5259
39.00,81.7971
39.50,83.0697
40.00,84.3434
40.50,85.6185
41.00,86.8948
41.50,88.1725
42.00,89.4515
42.50,90.7320
43.00,92.0139
43.50,93.2973
44.00,94.5823
44.50,95.8689
45.00,97.1572
45.50,98.4474
46.00,99.7394
46.50,101.0334
47.00,102.3294
47.50,103.6277
48.00,104.9282
48.50,106.2312
49.00,107.5368
49.50,108.8451
50.00,110.1563
50.50,111.4706
51.00,112.7881
51.50,114.1090
52.00,115.4336
52.50,116.7621
53.00,118.0947
53.50,119.4317
54.00,120.7734
54.50,122.1201
55.00,123.4720
55.50,124.8295
56.00,126.1931
56.50,127.5630
57.00,128.9398
57.50,130.3238
58.00,131.7155
58.50,133.1154
59.00,134.5242
59.50,135.9422
60.00,137.3703
60.50,138.8090
61.00,140.2591
61.50,141.7213
62.00,143.1964
62.50,144.6853
63.00,146.1890
63.50,147.7084
64.00,149.2445
64.50,150.7985
65.00,152.3716
65.50,153.9652
66.00,155.5805
66.50,157.2191
67.00,158.8826
67.50,160.5726
68.00,162.2909
68.50,164.0394
69.00,165.8201
69.50,167.6352
70.00,169.4871
70.50,171.3781
71.00,173.3110
71.50,175.2884
72.00,177.3134
72.50,179.3892
73.00,181.5190
73.50,183.7065
74.00,185.9555
74.50,188.2699
75.00,190.6540
75.50,193.1123
76.00,195.6495
76.50,198.2706
77.00,200.9810
77.50,203.7860
78.00,206.6915
78.50,209.7035
79.00,212.8282
79.50,216.0723
80.00,219.4423
80.50,222.9452
81.00,226.5879
81.50,230.3775
82.00,234.3212
82.50,238.4257
83.00,242.6980
83.50,247.1443
84.00,251.7705
84.50,256.5819
85.00,261.5825
85.50,266.7753
86.00,272.1616
86.50,277.7409
87.00,283.5102
87.50,289.4638
88.00,295.5927
88.50,301.8841
89.00,308.3210
89.50,314.8823
90.00,321.5402
90.50,328.2625
91.00,335.0115
91.50,341.7441
92.00,348.4117
92.50,354.9612
93.00,361.3353
93.50,367.4735
94.00,373.3135
94.50,378.7925
95.00,383.8484
95.50,388.4184
96.00,392.4485
96.50,395.8857
97.00,398.6836
97.50,400.8018
98.00,402.2070
98.50,402.8729
99.00,402.7810
99.50,401.9201
100.00,400.2870
100.50,397.8866
101.00,394.7317
101.50,390.8434
102.00,386.2507
102.50,380.9906
103.00,375.1074
103.50,368.6533
104.00,361.6835
104.50,354.2599
105.00,346.4468
105.50,338.3101
106.00,329.9160
106.50,321.3292
107.00,312.6114
107.50,303.8208
108.00,295.0107
108.50,286.2294
109.00,277.5194
109.50,268.9174
110.00,260.4547
110.50,252.1572
111.00,244.0458
111.50,236.1367
112.00,228.4424
112.50,220.9713
113.00,213.7291
113.50,206.7187
114.00,199.9407
114.50,193.3940
115.00,187.0758
115.50,180.9824
116.00,175.1088
116.50,169.4496
117.00,163.9986
117.50,158.7494
118.00,153.6954
118.50,148.8296
119.00,144.1453
119.50,139.6356
120.00,135.2905
120.50,131.1527
121.00,127.0549
121.50,123.2468
122.00,119.4479
122.50,115.9110
123.00,112.3859
123.50,109.0981
124.00,105.8243
124.50,102.7653
125.00,99.7221
125.50,96.8733
126.00,94.0417
126.50,91.3862
127.00,88.7488
127.50,86.2710
128.00,83.8122
128.50,81.4979
129.00,79.2033
129.50,77.0399
130.00,74.8964
130.50,72.8720
131.00,70.8679
131.50,68.9720
132.00,67.0965
132.50,65.3194
133.00,63.5626
133.50,61.8955
134.00,60.2486
134.50,58.6834
135.00,57.1382
135.50,55.6676
136.00,54.2168
136.50,52.8339
137.00,51.4707
137.50,50.1695
138.00,48.8877
138.50,47.6625
139.00,46.4563
139.50,45.3020
140.00,44.1662
140.50,43.0779
141.00,42.0079
141.50,40.9812
142.00,39.9724
142.50,39.0034
143.00,38.0518
143.50,37.1366
144.00,36.2384
144.50,35.3737
145.00,34.5255
145.50,33.7080
146.00,32.9066
146.50,32.1333
147.00,31.3757
147.50,30.6439
148.00,29.9274
148.50,29.2346
149.00,28.5566
149.50,27.9004
150.00,27.2586
150.50,26.6367
151.00,26.0289
151.50,25.4394
152.00,24.8634
152.50,24.3043
153.00,23.7584
153.50,23.2279
154.00,22.7103
154.50,22.2068
155.00,21.7157
155.50,21.2376
156.00,20.7715
156.50,20.3174
157.00,19.8749
157.50,19.4434
158.00,19.0231
158.50,18.6130
159.00,18.2137
159.50,17.8236
160.00,17.4442
160.50,17.0731
161.00,16.7124
161.50,16.3593
162.00,16.0162
162.50,15.6801
163.00,15.3536
163.50,15.0336
164.00,14.7229
164.50,14.4181
165.00,14.1223
165.50,13.8319
166.00,13.5502
166.50,13.2734
167.00,13.0050
167.50,12.7411
168.00,12.4854
168.50,12.2337
169.00,11.9899
169.50,11.7498
170.00,11.5173
170.50,11.2882
171.00,11.0665
171.50,10.8478
172.00,10.6362
172.50,10.4274
173.00,10.2255
173.50,10.0260
174.00,9.8333
174.50,9.6427
175.00,9.4586
175.50,9.2765
176.00,9.1007
176.50,8.9266
177.00,8.7586
177.50,8.5922
178.00,8.4316
178.50,8.2724
179.00,8.1189
179.50,7.9666
180.00,7.8197
180.50,7.6740
181.00,7.5335
181.50,7.3941
182.00,7.2597
182.50,7.1261
183.00,6.9975
183.50,6.8696
184.00,6.7464
184.50,6.6239
185.00,6.5060
185.50,6.3885
186.00,6.2756
186.50,6.1630
187.00,6.0548
187.50,5.9469
188.00,5.8432
188.50,5.7398
189.00,5.6403
189.50,5.5411
190.00,5.4458
190.50,5.3506
191.00,5.2591
191.50,5.1678
192.00,5.0801
192.50,4.9924
193.00,4.9082
193.50,4.8241
194.00,4.7432
194.50,4.6625
195.00,4.5848
195.50,4.5073
196.00,4.4326
196.50,4.3582
197.00,4.2865
197.50,4.2150
198.00,4.1460
198.50,4.0773
199.00,4.0111
199.50,3.9450
200.00,3.8813
200.50,3.8178
201.00,3.7565
201.50,3.6955
202.00,3.6365
202.50,3.5779
203.00,3.5211
203.50,3.4647
204.00,3.4100
204.50,3.3557
205.00,3.3031
205.50,3.2509
206.00,3.2002
